residue_id,ref_seq,pdb3epz_A,pdb3epz_B,pdb3pta_A,pdb3swr_A,pdb4wxx_A,pdb4wxx_B,pdb4yoc_A,pdb4z96_C,pdb4z97_C,pdb5wvo_C,pdb5ydr_B,pdb6k3a_B,pdb6k3a_D,pdb6k3a_F,pdb6x9k_A,pdb7sfc_A,pdb7sfe_A,pdb7sff_A,pdb7sfg_A
1,MET,-,-,-,-,-,-,-,-,-,-,-,-,-,-,-,-,-,-,-
2,PRO,-,-,-,-,-,-,-,-,-,-,-,-,-,-,-,-,-,-,-
3,ALA,-,-,-,-,-,-,-,-,-,-,-,-,-,-,-,-,-,-,-
4,ARG,-,-,-,-,-,-,-,-,-,-,-,-,-,-,-,-,-,-,-
5,THR,-,-,-,-,-,-,-,-,-,-,-,-,-,-,-,-,-,-,-
6,ALA,-,-,-,-,-,-,-,-,-,-,-,-,-,-,-,-,-,-,-
7,PRO,-,-,-,-,-,-,-,-,-,-,-,-,-,-,-,-,-,-,-
8,ALA,-,-,-,-,-,-,-,-,-,-,-,-,-,-,-,-,-,-,-
9,ARG,-,-,-,-,-,-,-,-,-,-,-,-,-,-,-,-,-,-,-
10,VAL,-,-,-,-,-,-,-,-,-,-,-,-,-,-,-,-,-,-,-
11,PRO,-,-,-,-,-,-,-,-,-,-,-,-,-,-,-,-,-,-,-
12,THR,-,-,-,-,-,-,-,-,-,-,-,-,-,-,-,-,-,-,-
13,LEU,-,-,-,-,-,-,-,-,-,-,-,-,-,-,-,-,-,-,-
14,ALA,-,-,-,-,-,-,-,-,-,-,-,-,-,-,-,-,-,-,-
15,VAL,-,-,-,-,-,-,-,-,-,-,-,-,-,-,-,-,-,-,-
16,PRO,-,-,-,-,-,-,-,-,-,-,-,-,-,-,-,-,-,-,-
17,ALA,-,-,-,-,-,-,-,-,-,-,-,-,-,-,-,-,-,-,-
18,ILE,-,-,-,-,-,-,-,-,-,-,-,-,-,-,-,-,-,-,-
19,SER,-,-,-,-,-,-,-,-,-,-,-,-,-,-,-,-,-,-,-
20,LEU,-,-,-,-,-,-,-,-,-,-,-,-,-,-,-,-,-,-,-
21,PRO,-,-,-,-,-,-,-,-,-,-,-,-,-,-,-,-,-,-,-
22,ASP,-,-,-,-,-,-,-,-,-,-,-,-,-,-,-,-,-,-,-
23,ASP,-,-,-,-,-,-,-,-,-,-,-,-,-,-,-,-,-,-,-
24,VAL,-,-,-,-,-,-,-,-,-,-,-,-,-,-,-,-,-,-,-
25,ARG,-,-,-,-,-,-,-,-,-,-,-,-,-,-,-,-,-,-,-
26,ARG,-,-,-,-,-,-,-,-,-,-,-,-,-,-,-,-,-,-,-
27,ARG,-,-,-,-,-,-,-,-,-,-,-,-,-,-,-,-,-,-,-
28,LEU,-,-,-,-,-,-,-,-,-,-,-,-,-,-,-,-,-,-,-
29,LYS,-,-,-,-,-,-,-,-,-,-,-,-,-,-,-,-,-,-,-
30,ASP,-,-,-,-,-,-,-,-,-,-,-,-,-,-,-,-,-,-,-
31,LEU,-,-,-,-,-,-,-,-,-,-,-,-,-,-,-,-,-,-,-
32,GLU,-,-,-,-,-,-,-,-,-,-,-,-,-,-,-,-,-,-,-
33,ARG,-,-,-,-,-,-,-,-,-,-,-,-,-,-,-,-,-,-,-
34,ASP,-,-,-,-,-,-,-,-,-,-,-,-,-,-,-,-,-,-,-
35,SER,-,-,-,-,-,-,-,-,-,-,-,-,-,-,-,-,-,-,-
36,LEU,-,-,-,-,-,-,-,-,-,-,-,-,-,-,-,-,-,-,-
37,THR,-,-,-,-,-,-,-,-,-,-,-,-,-,-,-,-,-,-,-
38,GLU,-,-,-,-,-,-,-,-,-,-,-,-,-,-,-,-,-,-,-
39,LYS,-,-,-,-,-,-,-,-,-,-,-,-,-,-,-,-,-,-,-
40,GLU,-,-,-,-,-,-,-,-,-,-,-,-,-,-,-,-,-,-,-
41,CYS,-,-,-,-,-,-,-,-,-,-,-,-,-,-,-,-,-,-,-
42,VAL,-,-,-,-,-,-,-,-,-,-,-,-,-,-,-,-,-,-,-
43,LYS,-,-,-,-,-,-,-,-,-,-,-,-,-,-,-,-,-,-,-
44,GLU,-,-,-,-,-,-,-,-,-,-,-,-,-,-,-,-,-,-,-
45,LYS,-,-,-,-,-,-,-,-,-,-,-,-,-,-,-,-,-,-,-
46,LEU,-,-,-,-,-,-,-,-,-,-,-,-,-,-,-,-,-,-,-
47,ASN,-,-,-,-,-,-,-,-,-,-,-,-,-,-,-,-,-,-,-
48,LEU,-,-,-,-,-,-,-,-,-,-,-,-,-,-,-,-,-,-,-
49,LEU,-,-,-,-,-,-,-,-,-,-,-,-,-,-,-,-,-,-,-
50,HIS,-,-,-,-,-,-,-,-,-,-,-,-,-,-,-,-,-,-,-
51,GLU,-,-,-,-,-,-,-,-,-,-,-,-,-,-,-,-,-,-,-
52,PHE,-,-,-,-,-,-,-,-,-,-,-,-,-,-,-,-,-,-,-
53,LEU,-,-,-,-,-,-,-,-,-,-,-,-,-,-,-,-,-,-,-
54,GLN,-,-,-,-,-,-,-,-,-,-,-,-,-,-,-,-,-,-,-
55,THR,-,-,-,-,-,-,-,-,-,-,-,-,-,-,-,-,-,-,-
56,GLU,-,-,-,-,-,-,-,-,-,-,-,-,-,-,-,-,-,-,-
57,ILE,-,-,-,-,-,-,-,-,-,-,-,-,-,-,-,-,-,-,-
58,LYS,-,-,-,-,-,-,-,-,-,-,-,-,-,-,-,-,-,-,-
59,ASN,-,-,-,-,-,-,-,-,-,-,-,-,-,-,-,-,-,-,-
60,GLN,-,-,-,-,-,-,-,-,-,-,-,-,-,-,-,-,-,-,-
61,LEU,-,-,-,-,-,-,-,-,-,-,-,-,-,-,-,-,-,-,-
62,CYS,-,-,-,-,-,-,-,-,-,-,-,-,-,-,-,-,-,-,-
63,ASP,-,-,-,-,-,-,-,-,-,-,-,-,-,-,-,-,-,-,-
64,LEU,-,-,-,-,-,-,-,-,-,-,-,-,-,-,-,-,-,-,-
65,GLU,-,-,-,-,-,-,-,-,-,-,-,-,-,-,-,-,-,-,-
66,THR,-,-,-,-,-,-,-,-,-,-,-,-,-,-,-,-,-,-,-
67,LYS,-,-,-,-,-,-,-,-,-,-,-,-,-,-,-,-,-,-,-
68,LEU,-,-,-,-,-,-,-,-,-,-,-,-,-,-,-,-,-,-,-
69,ARG,-,-,-,-,-,-,-,-,-,-,-,-,-,-,-,-,-,-,-
70,LYS,-,-,-,-,-,-,-,-,-,-,-,-,-,-,-,-,-,-,-
71,GLU,-,-,-,-,-,-,-,-,-,-,-,-,-,-,-,-,-,-,-
72,GLU,-,-,-,-,-,-,-,-,-,-,-,-,-,-,-,-,-,-,-
73,LEU,-,-,-,-,-,-,-,-,-,-,-,-,-,-,-,-,-,-,-
74,SER,-,-,-,-,-,-,-,-,-,-,-,-,-,-,-,-,-,-,-
75,GLU,-,-,-,-,-,-,-,-,-,-,-,-,-,-,-,-,-,-,-
76,GLU,-,-,-,-,-,-,-,-,-,-,-,-,-,-,-,-,-,-,-
77,GLY,-,-,-,-,-,-,-,-,-,-,-,-,-,-,-,-,-,-,-
78,TYR,-,-,-,-,-,-,-,-,-,-,-,-,-,-,-,-,-,-,-
79,LEU,-,-,-,-,-,-,-,-,-,-,-,-,-,-,-,-,-,-,-
80,ALA,-,-,-,-,-,-,-,-,-,-,-,-,-,-,-,-,-,-,-
81,LYS,-,-,-,-,-,-,-,-,-,-,-,-,-,-,-,-,-,-,-
82,VAL,-,-,-,-,-,-,-,-,-,-,-,-,-,-,-,-,-,-,-
83,LYS,-,-,-,-,-,-,-,-,-,-,-,-,-,-,-,-,-,-,-
84,SER,-,-,-,-,-,-,-,-,-,-,-,-,-,-,-,-,-,-,-
85,LEU,-,-,-,-,-,-,-,-,-,-,-,-,-,-,-,-,-,-,-
86,LEU,-,-,-,-,-,-,-,-,-,-,-,-,-,-,-,-,-,-,-
87,ASN,-,-,-,-,-,-,-,-,-,-,-,-,-,-,-,-,-,-,-
88,LYS,-,-,-,-,-,-,-,-,-,-,-,-,-,-,-,-,-,-,-
89,ASP,-,-,-,-,-,-,-,-,-,-,-,-,-,-,-,-,-,-,-
90,LEU,-,-,-,-,-,-,-,-,-,-,-,-,-,-,-,-,-,-,-
91,SER,-,-,-,-,-,-,-,-,-,-,-,-,-,-,-,-,-,-,-
92,LEU,-,-,-,-,-,-,-,-,-,-,-,-,-,-,-,-,-,-,-
93,GLU,-,-,-,-,-,-,-,-,-,-,-,-,-,-,-,-,-,-,-
94,ASN,-,-,-,-,-,-,-,-,-,-,-,-,-,-,-,-,-,-,-
95,GLY,-,-,-,-,-,-,-,-,-,-,-,-,-,-,-,-,-,-,-
96,ALA,-,-,-,-,-,-,-,-,-,-,-,-,-,-,-,-,-,-,-
97,HIS,-,-,-,-,-,-,-,-,-,-,-,-,-,-,-,-,-,-,-
98,ALA,-,-,-,-,-,-,-,-,-,-,-,-,-,-,-,-,-,-,-
99,TYR,-,-,-,-,-,-,-,-,-,-,-,-,-,-,-,-,-,-,-
100,ASN,-,-,-,-,-,-,-,-,-,-,-,-,-,-,-,-,-,-,-
101,ARG,-,-,-,-,-,-,-,-,-,-,-,-,-,-,-,-,-,-,-
102,GLU,-,-,-,-,-,-,-,-,-,-,-,-,-,-,-,-,-,-,-
103,VAL,-,-,-,-,-,-,-,-,-,-,-,-,-,-,-,-,-,-,-
104,ASN,-,-,-,-,-,-,-,-,-,-,-,-,-,-,-,-,-,-,-
105,GLY,-,-,-,-,-,-,-,-,-,-,-,-,-,-,-,-,-,-,-
106,ARG,-,-,-,-,-,-,-,-,-,-,-,-,-,-,-,-,-,-,-
107,LEU,-,-,-,-,-,-,-,-,-,-,-,-,-,-,-,-,-,-,-
108,GLU,-,-,-,-,-,-,-,-,-,-,-,-,-,-,-,-,-,-,-
109,ASN,-,-,-,-,-,-,-,-,-,-,-,-,-,-,-,-,-,-,-
110,GLY,-,-,-,-,-,-,-,-,-,-,-,-,-,-,-,-,-,-,-
111,ASN,-,-,-,-,-,-,-,-,-,-,-,-,-,-,-,-,-,-,-
112,GLN,-,-,-,-,-,-,-,-,-,-,-,-,-,-,-,-,-,-,-
113,ALA,-,-,-,-,-,-,-,-,-,-,-,-,-,-,-,-,-,-,-
114,ARG,-,-,-,-,-,-,-,-,-,-,-,-,-,-,-,-,-,-,-
115,SER,-,-,-,-,-,-,-,-,-,-,-,-,-,-,-,-,-,-,-
116,GLU,-,-,-,-,-,-,-,-,-,-,-,-,-,-,-,-,-,-,-
117,ALA,-,-,-,-,-,-,-,-,-,-,-,-,-,-,-,-,-,-,-
118,ARG,-,-,-,-,-,-,-,-,-,-,-,-,-,-,-,-,-,-,-
119,ARG,-,-,-,-,-,-,-,-,-,-,-,-,-,-,-,-,-,-,-
120,VAL,-,-,-,-,-,-,-,-,-,-,-,-,-,-,-,-,-,-,-
121,GLY,-,-,-,-,-,-,-,-,-,-,-,-,-,-,-,-,-,-,-
122,MET,-,-,-,-,-,-,-,-,-,-,-,-,-,-,-,-,-,-,-
123,ALA,-,-,-,-,-,-,-,-,-,-,-,-,-,-,-,-,-,-,-
124,ASP,-,-,-,-,-,-,-,-,-,-,-,-,-,-,-,-,-,-,-
125,ALA,-,-,-,-,-,-,-,-,-,-,-,-,-,-,-,-,-,-,-
126,ASN,-,-,-,-,-,-,-,-,-,-,-,-,-,-,-,-,-,-,-
127,SER,-,-,-,-,-,-,-,-,-,-,-,-,-,-,-,-,-,-,-
128,PRO,-,-,-,-,-,-,-,-,-,-,-,-,-,-,-,-,-,-,-
129,PRO,-,-,-,-,-,-,-,-,-,-,-,-,-,-,-,-,-,-,-
130,LYS,-,-,-,-,-,-,-,-,-,-,-,-,-,-,-,-,-,-,-
131,PRO,-,-,-,-,-,-,-,-,-,-,-,-,-,-,-,-,-,-,-
132,LEU,-,-,-,-,-,-,-,-,-,-,-,-,-,-,-,-,-,-,-
133,SER,-,-,-,-,-,-,-,-,-,-,-,-,-,-,-,-,-,-,-
134,LYS,-,-,-,-,-,-,-,-,-,-,-,-,-,-,-,-,-,-,-
135,PRO,-,-,-,-,-,-,-,-,-,-,-,-,-,-,-,-,-,-,-
136,ARG,-,-,-,-,-,-,-,-,-,-,-,-,-,-,-,-,-,-,-
137,THR,-,-,-,-,-,-,-,-,-,-,-,-,-,-,-,-,-,-,-
138,PRO,-,-,-,-,-,-,-,-,-,-,-,-,-,-,-,-,-,-,-
139,ARG,-,-,-,-,-,-,-,-,-,-,-,-,-,-,-,-,-,-,-
140,ARG,-,-,-,-,-,-,-,-,-,-,-,-,-,-,-,-,-,-,-
141,SER,-,-,-,-,-,-,-,-,-,-,-,-,-,-,-,-,-,-,-
142,LYS,-,-,-,-,-,-,-,-,-,-,-,-,-,-,-,-,-,-,-
143,SER,-,-,-,-,-,-,-,-,-,-,-,-,-,-,-,-,-,-,-
144,ASP,-,-,-,-,-,-,-,-,-,-,-,-,-,-,-,-,-,-,-
145,GLY,-,-,-,-,-,-,-,-,-,-,-,-,-,-,-,-,-,-,-
146,GLU,-,-,-,-,-,-,-,-,-,-,-,-,-,-,-,-,-,-,-
147,ALA,-,-,-,-,-,-,-,-,-,-,-,-,-,-,-,-,-,-,-
148,LYS,-,-,-,-,-,-,-,-,-,-,-,-,-,-,-,-,-,-,-
149,PRO,-,-,-,-,-,-,-,-,-,-,-,-,-,-,-,-,-,-,-
150,GLU,-,-,-,-,-,-,-,-,-,-,-,-,-,-,-,-,-,-,-
151,PRO,-,-,-,-,-,-,-,-,-,-,-,-,-,-,-,-,-,-,-
152,SER,-,-,-,-,-,-,-,-,-,-,-,-,-,-,-,-,-,-,-
153,PRO,-,-,-,-,-,-,-,-,-,-,-,-,-,-,-,-,-,-,-
154,SER,-,-,-,-,-,-,-,-,-,-,-,-,-,-,-,-,-,-,-
155,PRO,-,-,-,-,-,-,-,-,-,-,-,-,-,-,-,-,-,-,-
156,ARG,-,-,-,-,-,-,-,-,-,-,-,-,-,-,-,-,-,-,-
157,ILE,-,-,-,-,-,-,-,-,-,-,-,-,-,-,-,-,-,-,-
158,THR,-,-,-,-,-,-,-,-,-,-,-,-,-,-,-,-,-,-,-
159,ARG,-,-,-,-,-,-,-,-,-,-,-,-,-,-,-,-,-,-,-
160,LYS,-,-,-,-,-,-,-,-,-,-,-,-,-,-,-,-,-,-,-
161,SER,-,-,-,-,-,-,-,-,-,-,-,-,-,-,-,-,-,-,-
162,THR,-,-,-,-,-,-,-,-,-,-,-,THR,THR,THR,-,-,-,-,-
163,ARG,-,-,-,-,-,-,-,-,-,-,-,ARG,ARG,ARG,-,-,-,-,-
164,GLN,-,-,-,-,-,-,-,-,-,-,-,GLN,GLN,GLN,-,-,-,-,-
165,THR,-,-,-,-,-,-,-,-,-,-,-,THR,THR,THR,-,-,-,-,-
166,THR,-,-,-,-,-,-,-,-,-,-,-,THR,THR,THR,-,-,-,-,-
167,ILE,-,-,-,-,-,-,-,-,-,-,-,ILE,ILE,ILE,-,-,-,-,-
168,THR,-,-,-,-,-,-,-,-,-,-,-,THR,THR,THR,-,-,-,-,-
169,SER,-,-,-,-,-,-,-,-,-,-,-,SER,SER,SER,-,-,-,-,-
170,HIS,-,-,-,-,-,-,-,-,-,-,-,HIS,HIS,HIS,-,-,-,-,-
171,PHE,-,-,-,-,-,-,-,-,-,-,-,PHE,PHE,PHE,-,-,-,-,-
172,ALA,-,-,-,-,-,-,-,-,-,-,-,ALA,ALA,ALA,-,-,-,-,-
173,LYS,-,-,-,-,-,-,-,-,-,-,-,LYS,LYS,LYS,-,-,-,-,-
174,GLY,-,-,-,-,-,-,-,-,-,-,-,GLY,GLY,GLY,-,-,-,-,-
175,PRO,-,-,-,-,-,-,-,-,-,-,-,-,-,-,-,-,-,-,-
176,ALA,-,-,-,-,-,-,-,-,-,-,-,-,-,-,-,-,-,-,-
177,LYS,-,-,-,-,-,-,-,-,-,-,-,-,-,-,-,-,-,-,-
178,ARG,-,-,-,-,-,-,-,-,-,-,-,-,-,-,-,-,-,-,-
179,LYS,-,-,-,-,-,-,-,-,-,-,-,-,-,-,-,-,-,-,-
180,PRO,-,-,-,-,-,-,-,-,-,-,-,-,-,-,-,-,-,-,-
181,GLN,-,-,-,-,-,-,-,-,-,-,-,-,-,-,-,-,-,-,-
182,GLU,-,-,-,-,-,-,-,-,-,-,-,-,-,-,-,-,-,-,-
183,GLU,-,-,-,-,-,-,-,-,-,-,-,-,-,-,-,-,-,-,-
184,SER,-,-,-,-,-,-,-,-,-,-,-,-,-,-,-,-,-,-,-
185,GLU,-,-,-,-,-,-,-,-,-,-,-,-,-,-,-,-,-,-,-
186,ARG,-,-,-,-,-,-,-,-,-,-,-,-,-,-,-,-,-,-,-
187,ALA,-,-,-,-,-,-,-,-,-,-,-,-,-,-,-,-,-,-,-
188,LYS,-,-,-,-,-,-,-,-,-,-,-,-,-,-,-,-,-,-,-
189,SER,-,-,-,-,-,-,-,-,-,-,-,-,-,-,-,-,-,-,-
190,ASP,-,-,-,-,-,-,-,-,-,-,-,-,-,-,-,-,-,-,-
191,GLU,-,-,-,-,-,-,-,-,-,-,-,-,-,-,-,-,-,-,-
192,SER,-,-,-,-,-,-,-,-,-,-,-,-,-,-,-,-,-,-,-
193,ILE,-,-,-,-,-,-,-,-,-,-,-,-,-,-,-,-,-,-,-
194,LYS,-,-,-,-,-,-,-,-,-,-,-,-,-,-,-,-,-,-,-
195,GLU,-,-,-,-,-,-,-,-,-,-,-,-,-,-,-,-,-,-,-
196,GLU,-,-,-,-,-,-,-,-,-,-,-,-,-,-,-,-,-,-,-
197,ASP,-,-,-,-,-,-,-,-,-,-,-,-,-,-,-,-,-,-,-
198,LYS,-,-,-,-,-,-,-,-,-,-,-,-,-,-,-,-,-,-,-
199,ASP,-,-,-,-,-,-,-,-,-,-,-,-,-,-,-,-,-,-,-
200,GLN,-,-,-,-,-,-,-,-,-,-,-,-,-,-,-,-,-,-,-
201,ASP,-,-,-,-,-,-,-,-,-,-,-,-,-,-,-,-,-,-,-
202,GLU,-,-,-,-,-,-,-,-,-,-,-,-,-,-,-,-,-,-,-
203,LYS,-,-,-,-,-,-,-,-,-,-,-,-,-,-,-,-,-,-,-
204,ARG,-,-,-,-,-,-,-,-,-,-,-,-,-,-,-,-,-,-,-
205,ARG,-,-,-,-,-,-,-,-,-,-,-,-,-,-,-,-,-,-,-
206,ARG,-,-,-,-,-,-,-,-,-,-,-,-,-,-,-,-,-,-,-
207,VAL,-,-,-,-,-,-,-,-,-,-,-,-,-,-,-,-,-,-,-
208,THR,-,-,-,-,-,-,-,-,-,-,-,-,-,-,-,-,-,-,-
209,SER,-,-,-,-,-,-,-,-,-,-,-,-,-,-,-,-,-,-,-
210,ARG,-,-,-,-,-,-,-,-,-,-,-,-,-,-,-,-,-,-,-
211,GLU,-,-,-,-,-,-,-,-,-,-,-,-,-,-,-,-,-,-,-
212,ARG,-,-,-,-,-,-,-,-,-,-,-,-,-,-,-,-,-,-,-
213,VAL,-,-,-,-,-,-,-,-,-,-,-,-,-,-,-,-,-,-,-
214,ALA,-,-,-,-,-,-,-,-,-,-,-,-,-,-,-,-,-,-,-
215,ARG,-,-,-,-,-,-,-,-,-,-,-,-,-,-,-,-,-,-,-
216,PRO,-,-,-,-,-,-,-,-,-,-,-,-,-,-,-,-,-,-,-
217,LEU,-,-,-,-,-,-,-,-,-,-,-,-,-,-,-,-,-,-,-
218,PRO,-,-,-,-,-,-,-,-,-,-,-,-,-,-,-,-,-,-,-
219,ALA,-,-,-,-,-,-,-,-,-,-,-,-,-,-,-,-,-,-,-
220,GLU,-,-,-,-,-,-,-,-,-,-,-,-,-,-,-,-,-,-,-
221,GLU,-,-,-,-,-,-,-,-,-,-,-,-,-,-,-,-,-,-,-
222,PRO,-,-,-,-,-,-,-,-,-,-,-,-,-,-,-,-,-,-,-
223,GLU,-,-,-,-,-,-,-,-,-,-,-,-,-,-,-,-,-,-,-
224,ARG,-,-,-,-,-,-,-,-,-,-,-,-,-,-,-,-,-,-,-
225,ALA,-,-,-,-,-,-,-,-,-,-,-,-,-,-,-,-,-,-,-
226,LYS,-,-,-,-,-,-,-,-,-,-,-,-,-,-,-,-,-,-,-
227,SER,-,-,-,-,-,-,-,-,-,-,-,-,-,-,-,-,-,-,-
228,GLY,-,-,-,-,-,-,-,-,-,-,-,-,-,-,-,-,-,-,-
229,THR,-,-,-,-,-,-,-,-,-,-,-,-,-,-,-,-,-,-,-
230,ARG,-,-,-,-,-,-,-,-,-,-,-,-,-,-,-,-,-,-,-
231,THR,-,-,-,-,-,-,-,-,-,-,-,-,-,-,-,-,-,-,-
232,GLU,-,-,-,-,-,-,-,-,-,-,-,-,-,-,-,-,-,-,-
233,LYS,-,-,-,-,-,-,-,-,-,-,-,-,-,-,-,-,-,-,-
234,GLU,-,-,-,-,-,-,-,-,-,-,-,-,-,-,-,-,-,-,-
235,GLU,-,-,-,-,-,-,-,-,-,-,-,-,-,-,-,-,-,-,-
236,GLU,-,-,-,-,-,-,-,-,-,-,-,-,-,-,-,-,-,-,-
237,ARG,-,-,-,-,-,-,-,-,-,-,-,-,-,-,-,-,-,-,-
238,ASP,-,-,-,-,-,-,-,-,-,-,-,-,-,-,-,-,-,-,-
239,GLU,-,-,-,-,-,-,-,-,-,-,-,-,-,-,-,-,-,-,-
240,LYS,-,-,-,-,-,-,-,-,-,-,-,-,-,-,-,-,-,-,-
241,GLU,-,-,-,-,-,-,-,-,-,-,-,-,-,-,-,-,-,-,-
242,GLU,-,-,-,-,-,-,-,-,-,-,-,-,-,-,-,-,-,-,-
243,LYS,-,-,-,-,-,-,-,-,-,-,-,-,-,-,-,-,-,-,-
244,ARG,-,-,-,-,-,-,-,-,-,-,-,-,-,-,-,-,-,-,-
245,LEU,-,-,-,-,-,-,-,-,-,-,-,-,-,-,-,-,-,-,-
246,ARG,-,-,-,-,-,-,-,-,-,-,-,-,-,-,-,-,-,-,-
247,SER,-,-,-,-,-,-,-,-,-,-,-,-,-,-,-,-,-,-,-
248,GLN,-,-,-,-,-,-,-,-,-,-,-,-,-,-,-,-,-,-,-
249,THR,-,-,-,-,-,-,-,-,-,-,-,-,-,-,-,-,-,-,-
250,LYS,-,-,-,-,-,-,-,-,-,-,-,-,-,-,-,-,-,-,-
251,GLU,-,-,-,-,-,-,-,-,-,-,-,-,-,-,-,-,-,-,-
252,PRO,-,-,-,-,-,-,-,-,-,-,-,-,-,-,-,-,-,-,-
253,THR,-,-,-,-,-,-,-,-,-,-,-,-,-,-,-,-,-,-,-
254,PRO,-,-,-,-,-,-,-,-,-,-,-,-,-,-,-,-,-,-,-
255,LYS,-,-,-,-,-,-,-,-,-,-,-,-,-,-,-,-,-,-,-
256,GLN,-,-,-,-,-,-,-,-,-,-,-,-,-,-,-,-,-,-,-
257,LYS,-,-,-,-,-,-,-,-,-,-,-,-,-,-,-,-,-,-,-
258,LEU,-,-,-,-,-,-,-,-,-,-,-,-,-,-,-,-,-,-,-
259,LYS,-,-,-,-,-,-,-,-,-,-,-,-,-,-,-,-,-,-,-
260,GLU,-,-,-,-,-,-,-,-,-,-,-,-,-,-,-,-,-,-,-
261,GLU,-,-,-,-,-,-,-,-,-,-,-,-,-,-,-,-,-,-,-
262,PRO,-,-,-,-,-,-,-,-,-,-,-,-,-,-,-,-,-,-,-
263,ASP,-,-,-,-,-,-,-,-,-,-,-,-,-,-,-,-,-,-,-
264,ARG,-,-,-,-,-,-,-,-,-,-,-,-,-,-,-,-,-,-,-
265,GLU,-,-,-,-,-,-,-,-,-,-,-,-,-,-,-,-,-,-,-
266,ALA,-,-,-,-,-,-,-,-,-,-,-,-,-,-,-,-,-,-,-
267,ARG,-,-,-,-,-,-,-,-,-,-,-,-,-,-,-,-,-,-,-
268,ALA,-,-,-,-,-,-,-,-,-,-,-,-,-,-,-,-,-,-,-
269,GLY,-,-,-,-,-,-,-,-,-,-,-,-,-,-,-,-,-,-,-
270,VAL,-,-,-,-,-,-,-,-,-,-,-,-,-,-,-,-,-,-,-
271,GLN,-,-,-,-,-,-,-,-,-,-,-,-,-,-,-,-,-,-,-
272,ALA,-,-,-,-,-,-,-,-,-,-,-,-,-,-,-,-,-,-,-
273,ASP,-,-,-,-,-,-,-,-,-,-,-,-,-,-,-,-,-,-,-
274,GLU,-,-,-,-,-,-,-,-,-,-,-,-,-,-,-,-,-,-,-
275,ASP,-,-,-,-,-,-,-,-,-,-,-,-,-,-,-,-,-,-,-
276,GLU,-,-,-,-,-,-,-,-,-,-,-,-,-,-,-,-,-,-,-
277,ASP,-,-,-,-,-,-,-,-,-,-,-,-,-,-,-,-,-,-,-
278,GLY,-,-,-,-,-,-,-,-,-,-,-,-,-,-,-,-,-,-,-
279,ASP,-,-,-,-,-,-,-,-,-,-,-,-,-,-,-,-,-,-,-
280,GLU,-,-,-,-,-,-,-,-,-,-,-,-,-,-,-,-,-,-,-
281,LYS,-,-,-,-,-,-,-,-,-,-,-,-,-,-,-,-,-,-,-
282,ASP,-,-,-,-,-,-,-,-,-,-,-,-,-,-,-,-,-,-,-
283,GLU,-,-,-,-,-,-,-,-,-,-,-,-,-,-,-,-,-,-,-
284,LYS,-,-,-,-,-,-,-,-,-,-,-,-,-,-,-,-,-,-,-
285,LYS,-,-,-,-,-,-,-,-,-,-,-,-,-,-,-,-,-,-,-
286,HIS,-,-,-,-,-,-,-,-,-,-,-,-,-,-,-,-,-,-,-
287,ARG,-,-,-,-,-,-,-,-,-,-,-,-,-,-,-,-,-,-,-
288,SER,-,-,-,-,-,-,-,-,-,-,-,-,-,-,-,-,-,-,-
289,GLN,-,-,-,-,-,-,-,-,-,-,-,-,-,-,-,-,-,-,-
290,PRO,-,-,-,-,-,-,-,-,-,-,-,-,-,-,-,-,-,-,-
291,LYS,-,-,-,-,-,-,-,-,-,-,-,-,-,-,-,-,-,-,-
292,ASP,-,-,-,-,-,-,-,-,-,-,-,-,-,-,-,-,-,-,-
293,LEU,-,-,-,-,-,-,-,-,-,-,-,-,-,-,-,-,-,-,-
294,ALA,-,-,-,-,-,-,-,-,-,-,-,-,-,-,-,-,-,-,-
295,ALA,-,-,-,-,-,-,-,-,-,-,-,-,-,-,-,-,-,-,-
296,LYS,-,-,-,-,-,-,-,-,-,-,-,-,-,-,-,-,-,-,-
297,ARG,-,-,-,-,-,-,-,-,-,-,-,-,-,-,-,-,-,-,-
298,ARG,-,-,-,-,-,-,-,-,-,-,-,-,-,-,-,-,-,-,-
299,PRO,-,-,-,-,-,-,-,-,-,-,-,-,-,-,-,-,-,-,-
300,GLU,-,-,-,SFG,-,-,-,-,-,-,-,-,-,-,-,-,-,-,-
301,GLU,-,-,-,-,-,-,-,-,-,-,-,-,-,-,-,-,-,-,-
302,LYS,-,-,-,-,-,-,-,-,-,-,-,-,-,-,-,-,-,-,-
303,GLU,-,-,-,-,-,-,-,-,-,-,-,-,-,-,-,-,-,-,-
304,PRO,-,-,-,-,-,-,-,-,-,-,-,-,-,-,-,-,-,-,-
305,GLU,-,-,-,-,-,-,-,-,-,-,-,-,-,-,-,-,-,-,-
306,LYS,-,-,-,-,-,-,-,-,-,-,-,-,-,-,-,-,-,-,-
307,VAL,-,-,-,-,-,-,-,-,-,-,-,-,-,-,-,-,-,-,-
308,ASN,-,-,-,-,-,-,-,-,-,-,-,-,-,-,-,-,-,-,-
309,PRO,-,-,-,-,-,-,-,-,-,-,-,-,-,-,-,-,-,-,-
310,GLN,-,-,-,-,-,-,-,-,-,-,-,-,-,-,-,-,-,-,-
311,ILE,-,-,-,-,-,-,-,-,-,-,-,-,-,-,-,-,-,-,-
312,SER,-,-,-,-,-,-,-,-,-,-,-,-,-,-,-,-,-,-,-
313,ASP,-,-,-,-,-,-,-,-,-,-,-,-,-,-,-,-,-,-,-
314,GLU,-,-,-,-,-,-,-,-,-,-,-,-,-,-,-,-,-,-,-
315,LYS,-,-,-,-,-,-,-,-,-,-,-,-,-,-,-,-,-,-,-
316,ASP,-,-,-,-,-,-,-,-,-,-,-,-,-,-,-,-,-,-,-
317,GLU,-,-,-,-,-,-,-,-,-,-,-,-,-,-,-,-,-,-,-
318,ASP,-,-,-,-,-,-,-,-,-,-,-,-,-,-,-,-,-,-,-
319,GLU,-,-,-,-,-,-,-,-,-,-,-,-,-,-,-,-,-,-,-
320,LYS,-,-,-,-,-,-,-,-,-,-,-,-,-,-,-,-,-,-,-
321,GLU,-,-,-,-,-,-,-,-,-,-,-,-,-,-,-,-,-,-,-
322,GLU,-,-,-,-,-,-,-,-,-,-,-,-,-,-,-,-,-,-,-
323,LYS,-,-,-,-,-,-,-,-,-,-,-,-,-,-,-,-,-,-,-
324,ARG,-,-,-,-,-,-,-,-,-,-,-,-,-,-,-,-,-,-,-
325,ARG,-,-,-,-,-,-,-,-,-,-,-,-,-,-,-,-,-,-,-
326,LYS,-,-,-,-,-,-,-,-,-,-,-,-,-,-,-,-,-,-,-
327,THR,-,-,-,-,-,-,-,-,-,-,-,-,-,-,-,-,-,-,-
328,THR,-,-,-,-,-,-,-,-,-,-,-,-,-,-,-,-,-,-,-
329,PRO,-,-,-,-,-,-,-,-,-,-,-,-,-,-,-,-,-,-,-
330,LYS,-,-,-,-,-,-,-,-,-,-,-,-,-,-,-,-,-,-,-
331,GLU,-,-,-,-,-,-,-,-,-,-,-,-,-,-,-,-,-,-,-
332,PRO,-,-,-,-,-,-,-,-,-,-,-,-,-,-,-,-,-,-,-
333,THR,-,-,-,-,-,-,-,-,-,-,-,-,-,-,-,-,-,-,-
334,GLU,-,-,-,-,-,-,-,-,-,-,-,-,-,-,-,-,-,-,-
335,LYS,-,-,-,-,-,-,-,-,-,-,-,-,-,-,-,-,-,-,-
336,LYS,-,-,-,-,-,-,-,-,-,-,-,-,-,-,-,-,-,-,-
337,MET,-,-,-,-,-,-,-,-,-,-,-,-,-,-,-,-,-,-,-
338,ALA,-,-,-,-,-,-,-,-,-,-,-,-,-,-,-,-,-,-,-
339,ARG,-,-,-,-,-,-,-,-,-,-,-,-,-,-,-,-,-,-,-
340,ALA,-,-,-,-,-,-,-,-,-,-,-,-,-,-,-,-,-,-,-
341,LYS,-,-,-,-,-,-,-,-,-,-,-,-,-,-,-,-,-,-,-
342,THR,-,GLY,-,-,-,-,-,-,-,-,-,-,-,-,-,-,-,-,-
343,VAL,-,ARG,-,-,-,-,-,-,-,-,-,-,-,-,-,-,-,-,-
344,MET,-,-,-,-,-,-,-,-,-,-,-,-,-,-,-,-,-,-,-
345,ASN,-,-,-,-,-,-,-,-,-,-,-,-,-,-,-,-,-,-,-
346,SER,-,-,-,-,-,-,-,-,-,-,-,-,-,-,-,-,-,-,-
347,LYS,-,-,-,-,-,-,-,-,-,-,-,-,-,-,-,-,-,-,-
348,THR,-,PHE,-,-,-,-,-,-,-,-,-,-,-,-,-,-,-,-,-
349,HIS,-,GLN,-,-,-,-,-,-,-,-,-,-,-,-,-,-,-,-,-
350,PRO,GLY,GLY,-,-,-,-,-,-,-,-,MET,-,-,-,-,-,-,-,-
351,PRO,PRO,PRO,-,-,PRO,PRO,-,-,-,-,PRO,-,-,-,-,-,-,-,-
352,LYS,LYS,LYS,-,-,LYS,LYS,-,-,-,-,LYS,-,-,-,-,-,-,-,-
353,CYS,CYS,CYS,-,-,CYS,CYS,-,-,-,CYS,CYS,-,-,-,-,-,-,-,-
354,ILE,ILE,ILE,-,-,ILE,ILE,-,-,-,ILE,ILE,-,-,-,-,-,-,-,-
355,GLN,GLN,GLN,-,-,GLN,GLN,-,-,-,GLN,GLN,-,-,-,-,-,-,-,-
356,CYS,CYS,CYS,-,-,CYS,CYS,-,-,-,CYS,CYS,-,-,-,-,-,-,-,-
357,GLY,GLY,GLY,-,-,GLY,GLY,-,-,-,GLY,GLY,-,-,-,-,-,-,-,-
358,GLN,GLN,GLN,-,-,GLN,GLN,-,-,-,-,GLN,-,-,-,-,-,-,-,-
359,TYR,TYR,TYR,-,-,TYR,TYR,-,-,-,-,TYR,-,-,-,-,-,-,-,-
360,LEU,LEU,LEU,-,-,LEU,LEU,-,-,-,-,LEU,-,-,-,-,-,-,-,-
361,ASP,ASP,ASP,-,-,ASP,ASP,-,-,-,-,ASP,-,-,-,-,-,-,-,-
362,ASP,ASP,ASP,-,-,ASP,ASP,-,-,-,-,ASP,-,-,-,-,-,-,-,-
363,PRO,PRO,PRO,-,-,PRO,PRO,-,-,-,-,PRO,-,-,-,-,-,-,-,-
364,ASP,ASP,ASP,-,-,ASP,ASP,-,-,-,-,ASP,-,-,-,-,-,-,-,-
365,LEU,LEU,LEU,-,-,LEU,LEU,-,-,-,LEU,LEU,-,-,-,-,-,-,-,-
366,LYS,LYS,LYS,-,-,LYS,LYS,-,-,-,LYS,LYS,-,-,-,-,-,-,-,-
367,TYR,TYR,TYR,-,-,TYR,TYR,-,-,-,TYR,TYR,-,-,-,-,-,-,-,-
368,GLY,GLY,GLY,-,-,GLY,GLY,-,-,-,GLY,GLY,-,-,-,-,-,-,-,-
369,GLN,GLN,GLN,-,-,GLN,GLN,-,-,-,GLN,GLN,-,-,-,-,-,-,-,-
370,HIS,HIS,HIS,-,-,HIS,HIS,-,-,-,HIS,HIS,-,-,-,-,-,-,-,-
371,PRO,PRO,PRO,-,-,PRO,PRO,-,-,-,PRO,PRO,-,-,-,-,-,-,-,-
372,PRO,PRO,PRO,-,-,PRO,PRO,-,-,-,PRO,PRO,-,-,-,-,-,-,-,-
373,ASP,ASP,ASP,-,-,ASP,ASP,-,-,-,ASP,ASP,-,-,-,-,-,-,-,-
374,ALA,ALA,ALA,-,-,ALA,ALA,-,-,-,ALA,ALA,-,-,-,-,-,-,-,-
375,VAL,VAL,VAL,-,-,VAL,VAL,-,-,-,VAL,VAL,-,-,-,-,-,-,-,-
376,ASP,ASP,ASP,-,-,ASP,ASP,-,-,-,ASP,ASP,-,-,-,-,-,-,-,-
377,GLU,GLU,GLU,-,-,GLU,GLU,-,-,-,GLU,GLU,-,-,-,-,-,-,-,-
378,PRO,PRO,PRO,-,-,PRO,PRO,-,-,-,PRO,PRO,-,-,-,-,-,-,-,-
379,GLN,GLN,GLN,-,-,GLN,GLN,-,-,-,GLN,GLN,-,-,-,-,-,-,-,-
380,MET,MSE,MSE,-,-,MET,MET,-,-,-,MET,MET,-,-,-,-,-,-,-,-
381,LEU,LEU,LEU,-,-,LEU,LEU,-,-,-,LEU,LEU,-,-,-,-,-,-,-,-
382,THR,THR,THR,-,-,THR,THR,-,-,-,THR,THR,-,-,-,-,-,-,-,-
383,ASN,ASN,ASN,-,-,ASN,ASN,-,-,-,ASN,ASN,-,-,-,-,-,-,-,-
384,GLU,GLU,GLU,-,-,GLU,GLU,-,-,-,GLU,GLU,-,-,-,-,-,-,-,-
385,LYS,LYS,-,-,-,LYS,LYS,-,-,-,LYS,LYS,-,-,-,-,-,-,-,-
386,LEU,LEU,-,-,-,-,LEU,-,-,-,LEU,LEU,-,-,-,-,-,-,-,-
387,SER,SER,-,-,-,-,SER,-,-,-,SER,SER,-,-,-,-,-,-,-,-
388,ILE,ILE,-,-,-,-,ILE,-,-,-,ILE,ILE,-,-,-,-,-,-,-,-
389,PHE,PHE,-,-,-,-,-,-,-,-,PHE,PHE,-,-,-,-,-,-,-,-
390,ASP,ASP,-,-,-,-,-,-,-,-,ASP,ASP,-,-,-,-,-,-,-,-
391,ALA,-,-,-,-,-,-,-,-,-,ALA,ALA,-,-,-,-,-,-,-,-
392,ASN,-,-,-,-,-,-,-,-,-,ASN,ASN,-,-,-,-,-,-,-,-
393,GLU,-,-,-,-,-,-,-,-,-,GLU,GLU,-,-,-,-,-,-,-,-
394,SER,-,-,-,-,-,-,-,-,-,SER,SER,-,-,-,-,-,-,-,-
395,GLY,-,-,-,-,-,-,-,-,-,GLY,GLY,-,-,-,-,-,-,-,-
396,PHE,-,-,-,-,-,-,-,-,-,PHE,PHE,-,-,-,-,-,-,-,-
397,GLU,-,-,-,-,-,-,-,-,-,GLU,GLU,-,-,-,-,-,-,-,-
398,SER,-,-,-,-,-,-,-,-,-,SER,SER,-,-,-,-,-,-,-,-
399,TYR,-,-,-,-,-,-,-,-,-,TYR,TYR,-,-,-,-,-,-,-,-
400,GLU,-,-,-,-,-,GLU,-,-,-,GLU,GLU,-,-,-,-,-,-,-,-
401,ALA,ALA,-,-,-,ALA,ALA,-,-,-,ALA,ALA,-,-,-,-,-,-,-,-
402,LEU,LEU,LEU,-,-,LEU,LEU,-,-,-,LEU,LEU,-,-,-,-,-,-,-,-
403,PRO,PRO,PRO,-,-,PRO,PRO,-,-,-,PRO,PRO,-,-,-,-,-,-,-,-
404,GLN,GLN,GLN,-,-,GLN,GLN,-,-,-,GLN,GLN,-,-,-,-,-,-,-,-
405,HIS,HIS,HIS,-,-,HIS,HIS,-,-,-,HIS,HIS,-,-,-,-,-,-,-,-
406,LYS,LYS,LYS,-,-,LYS,LYS,-,-,-,LYS,LYS,-,-,-,-,-,-,-,-
407,LEU,LEU,LEU,-,-,LEU,LEU,-,-,-,LEU,LEU,-,-,-,-,-,-,-,-
408,THR,THR,THR,-,-,THR,THR,-,-,-,THR,THR,-,-,-,-,-,-,-,-
409,CYS,CYS,CYS,-,-,CYS,CYS,-,-,-,CYS,CYS,-,-,-,-,-,-,-,-
410,PHE,PHE,PHE,-,-,PHE,PHE,-,-,-,PHE,PHE,-,-,-,-,-,-,-,-
411,SER,SER,SER,-,-,SER,SER,-,-,-,SER,SER,-,-,-,-,-,-,-,-
412,VAL,VAL,VAL,-,-,VAL,VAL,-,-,-,VAL,VAL,-,-,-,-,-,-,-,-
413,TYR,TYR,TYR,-,-,TYR,TYR,-,-,-,TYR,TYR,-,-,-,-,-,-,-,-
414,CYS,CYS,CYS,-,-,CYS,CYS,-,-,-,CYS,CYS,-,-,-,-,-,-,-,-
415,LYS,LYS,LYS,-,-,LYS,LYS,-,-,-,LYS,LYS,-,-,-,-,-,-,-,-
416,HIS,HIS,HIS,-,-,HIS,HIS,-,-,-,HIS,HIS,-,-,-,-,-,-,-,-
417,GLY,GLY,GLY,-,-,GLY,GLY,-,-,-,GLY,GLY,-,-,-,-,-,-,-,-
418,HIS,HIS,HIS,-,-,HIS,HIS,-,-,-,HIS,HIS,-,-,-,-,-,-,-,-
419,LEU,LEU,LEU,-,-,LEU,LEU,-,-,-,LEU,LEU,-,-,-,-,-,-,-,-
420,CYS,CYS,CYS,-,-,CYS,CYS,-,-,-,CYS,CYS,-,-,-,-,-,-,-,-
421,PRO,PRO,PRO,-,-,PRO,PRO,-,-,-,PRO,PRO,-,-,-,-,-,-,-,-
422,ILE,ILE,ILE,-,-,ILE,ILE,-,-,-,ILE,ILE,-,-,-,-,-,-,-,-
423,ASP,ASP,ASP,-,-,ASP,ASP,-,-,-,ASP,ASP,-,-,-,-,-,-,-,-
424,THR,THR,THR,-,-,THR,THR,-,-,-,THR,THR,-,-,-,-,-,-,-,-
425,GLY,GLY,GLY,-,-,GLY,GLY,-,-,-,GLY,GLY,-,-,-,-,-,-,-,-
426,LEU,LEU,LEU,-,-,LEU,LEU,-,-,-,LEU,LEU,-,-,-,-,-,-,-,-
427,ILE,ILE,ILE,-,-,ILE,ILE,-,-,-,ILE,ILE,-,-,-,-,-,-,-,-
428,GLU,GLU,GLU,-,-,GLU,GLU,-,-,-,GLU,GLU,-,-,-,-,-,-,-,-
429,LYS,LYS,LYS,-,-,LYS,LYS,-,-,-,LYS,LYS,-,-,-,-,-,-,-,-
430,ASN,ASN,ASN,-,-,ASN,ASN,-,-,-,ASN,ASN,-,-,-,-,-,-,-,-
431,ILE,ILE,ILE,-,-,ILE,ILE,-,-,-,ILE,ILE,-,-,-,-,-,-,-,-
432,GLU,GLU,GLU,-,-,GLU,GLU,-,-,-,GLU,GLU,-,-,-,-,-,-,-,-
433,LEU,LEU,LEU,-,-,LEU,LEU,-,-,-,LEU,LEU,-,-,-,-,-,-,-,-
434,PHE,PHE,PHE,-,-,PHE,PHE,-,-,-,PHE,PHE,-,-,-,-,-,-,-,-
435,PHE,PHE,PHE,-,-,PHE,PHE,-,-,-,PHE,PHE,-,-,-,-,-,-,-,-
436,SER,SER,SER,-,-,SER,SER,-,-,-,SER,SER,-,-,-,-,-,-,-,-
437,GLY,GLY,GLY,-,-,GLY,GLY,-,-,-,GLY,GLY,-,-,-,-,-,-,-,-
438,SER,SER,SER,-,-,SER,SER,-,-,-,SER,SER,-,-,-,-,-,-,-,-
439,ALA,ALA,ALA,-,-,ALA,ALA,-,-,-,ALA,ALA,-,-,-,-,-,-,-,-
440,LYS,LYS,LYS,-,-,LYS,LYS,-,-,-,LYS,LYS,-,-,-,-,-,-,-,-
441,PRO,PRO,PRO,-,-,PRO,PRO,-,-,-,PRO,PRO,-,-,-,-,-,-,-,-
442,ILE,ILE,ILE,-,-,ILE,ILE,-,-,-,ILE,ILE,-,-,-,-,-,-,-,-
443,TYR,-,TYR,-,-,TYR,TYR,-,-,-,TYR,TYR,-,-,-,-,-,-,-,-
444,ASP,-,ASP,-,-,ASP,ASP,-,-,-,ASP,ASP,-,-,-,-,-,-,-,-
445,ASP,-,ASP,-,-,ASP,ASP,-,-,-,ASP,ASP,-,-,-,-,-,-,-,-
446,ASP,-,ASP,-,-,ASP,ASP,-,-,-,ASP,ASP,-,-,-,-,-,-,-,-
447,PRO,PRO,-,-,-,PRO,PRO,-,-,-,PRO,PRO,-,-,-,-,-,-,-,-
448,SER,-,-,-,-,SER,SER,-,-,-,SER,SER,-,-,-,-,-,-,-,-
449,LEU,-,-,-,-,LEU,LEU,-,-,-,LEU,LEU,-,-,-,-,-,-,-,-
450,GLU,-,GLU,-,-,GLU,GLU,-,-,-,GLU,GLU,-,-,-,-,-,-,-,-
451,GLY,GLY,GLY,-,-,GLY,GLY,-,-,-,GLY,GLY,-,-,-,-,-,-,-,-
452,GLY,GLY,GLY,-,-,GLY,GLY,-,-,-,GLY,GLY,-,-,-,-,-,-,-,-
453,VAL,VAL,VAL,-,-,VAL,VAL,-,-,-,VAL,VAL,-,-,-,-,-,-,-,-
454,ASN,ASN,ASN,-,-,ASN,ASN,-,-,-,ASN,ASN,-,-,-,-,-,-,-,-
455,GLY,GLY,GLY,-,-,GLY,GLY,-,-,-,GLY,GLY,-,-,-,-,-,-,-,-
456,LYS,LYS,LYS,-,-,LYS,LYS,-,-,-,LYS,LYS,-,-,-,-,-,-,-,-
457,ASN,ASN,ASN,-,-,ASN,ASN,-,-,-,ASN,ASN,-,-,-,-,-,-,-,-
458,LEU,LEU,LEU,-,-,LEU,LEU,-,-,-,LEU,LEU,-,-,-,-,-,-,-,-
459,GLY,GLY,GLY,-,-,GLY,GLY,-,-,-,GLY,GLY,-,-,-,-,-,-,-,-
460,PRO,PRO,PRO,-,-,PRO,PRO,-,-,-,PRO,PRO,-,-,-,-,-,-,-,-
461,ILE,ILE,ILE,-,-,ILE,ILE,-,-,-,ILE,ILE,-,-,-,-,-,-,-,-
462,ASN,ASN,ASN,-,-,ASN,ASN,-,-,-,ASN,ASN,-,-,-,-,-,-,-,-
463,GLU,GLU,GLU,-,-,GLU,GLU,-,-,-,GLU,GLU,-,-,-,-,-,-,-,-
464,TRP,TRP,TRP,-,-,TRP,TRP,-,-,-,TRP,TRP,-,-,-,-,-,-,-,-
465,TRP,TRP,TRP,-,-,TRP,TRP,-,-,-,TRP,TRP,-,-,-,-,-,-,-,-
466,ILE,ILE,ILE,-,-,ILE,ILE,-,-,-,ILE,ILE,-,-,-,-,-,-,-,-
467,THR,THR,THR,-,-,THR,THR,-,-,-,THR,THR,-,-,-,-,-,-,-,-
468,GLY,GLY,-,-,-,GLY,GLY,-,-,-,GLY,GLY,-,-,-,-,-,-,-,-
469,PHE,-,-,-,-,PHE,PHE,-,-,-,PHE,PHE,-,-,-,-,-,-,-,-
470,ASP,-,-,-,-,ASP,ASP,-,-,-,ASP,ASP,-,-,-,-,-,-,-,-
471,GLY,-,-,-,-,GLY,GLY,-,-,-,GLY,GLY,-,-,-,-,-,-,-,-
472,GLY,GLY,-,-,-,GLY,GLY,-,-,-,GLY,GLY,-,-,-,-,-,-,-,-
473,GLU,GLU,-,-,-,GLU,GLU,-,-,-,GLU,GLU,-,-,-,-,-,-,-,-
474,LYS,LYS,LYS,-,-,LYS,LYS,-,-,-,LYS,LYS,-,-,-,-,-,-,-,-
475,ALA,ALA,ALA,-,-,ALA,ALA,-,-,-,ALA,ALA,-,-,-,-,-,-,-,-
476,LEU,LEU,LEU,-,-,LEU,LEU,-,-,-,LEU,LEU,-,-,-,-,-,-,-,-
477,ILE,ILE,ILE,-,-,ILE,ILE,-,-,-,ILE,ILE,-,-,-,-,-,-,-,-
478,GLY,GLY,GLY,-,-,GLY,GLY,-,-,-,GLY,GLY,-,-,-,-,-,-,-,-
479,PHE,PHE,PHE,-,-,PHE,PHE,-,-,-,PHE,PHE,-,-,-,-,-,-,-,-
480,SER,SER,SER,-,-,SER,SER,-,-,-,SER,SER,-,-,-,-,-,-,-,-
481,THR,THR,THR,-,-,THR,THR,-,-,-,THR,THR,-,-,-,-,-,-,-,-
482,SER,SER,SER,-,-,SER,SER,-,-,-,SER,SER,-,-,-,-,-,-,-,-
483,PHE,PHE,PHE,-,-,PHE,PHE,-,-,-,PHE,PHE,-,-,-,-,-,-,-,-
484,ALA,ALA,ALA,-,-,ALA,ALA,-,-,-,ALA,ALA,-,-,-,-,-,-,-,-
485,GLU,GLU,GLU,-,-,GLU,GLU,-,-,-,GLU,GLU,-,-,-,-,-,-,-,-
486,TYR,TYR,TYR,-,-,TYR,TYR,-,-,-,TYR,TYR,-,-,-,-,-,-,-,-
487,ILE,ILE,ILE,-,-,ILE,ILE,-,-,-,ILE,ILE,-,-,-,-,-,-,-,-
488,LEU,LEU,LEU,-,-,LEU,LEU,-,-,-,LEU,LEU,-,-,-,-,-,-,-,-
489,MET,MSE,MSE,-,-,MET,MET,-,-,-,MET,MET,-,-,-,-,-,-,-,-
490,ASP,ASP,ASP,-,-,ASP,ASP,-,-,-,ASP,ASP,-,-,-,-,-,-,-,-
491,PRO,PRO,PRO,-,-,PRO,PRO,-,-,-,PRO,PRO,-,-,-,-,-,-,-,-
492,SER,SER,SER,-,-,SER,SER,-,-,-,SER,SER,-,-,-,-,-,-,-,-
493,PRO,PRO,PRO,-,-,PRO,PRO,-,-,-,PRO,PRO,-,-,-,-,-,-,-,-
494,GLU,GLU,GLU,-,-,GLU,GLU,-,-,-,GLU,GLU,-,-,-,-,-,-,-,-
495,TYR,TYR,TYR,-,-,TYR,TYR,-,-,-,TYR,TYR,-,-,-,-,-,-,-,-
496,ALA,ALA,ALA,-,-,ALA,ALA,-,-,-,ALA,ALA,-,-,-,-,-,-,-,-
497,PRO,PRO,PRO,-,-,PRO,PRO,-,-,-,PRO,PRO,-,-,-,-,-,-,-,-
498,ILE,ILE,ILE,-,-,ILE,ILE,-,-,-,ILE,ILE,-,-,-,-,-,-,-,-
499,PHE,PHE,PHE,-,-,PHE,PHE,-,-,-,PHE,PHE,-,-,-,-,-,-,-,-
500,GLY,GLY,GLY,-,-,GLY,GLY,-,-,-,GLY,GLY,-,-,-,-,-,-,-,-
501,LEU,LEU,LEU,-,-,LEU,LEU,-,-,-,LEU,LEU,-,-,-,-,-,-,-,-
502,MET,MSE,MSE,-,-,MET,MET,-,-,-,MET,MET,-,-,-,-,-,-,-,-
503,GLN,GLN,GLN,-,-,GLN,GLN,-,-,-,GLN,GLN,-,-,-,-,-,-,-,-
504,GLU,GLU,GLU,-,-,GLU,GLU,-,-,-,GLU,GLU,-,-,-,-,-,-,-,-
505,LYS,LYS,LYS,-,-,LYS,LYS,-,-,-,LYS,LYS,-,-,-,-,-,-,-,-
506,ILE,ILE,ILE,-,-,ILE,ILE,-,-,-,ILE,ILE,-,-,-,-,-,-,-,-
507,TYR,TYR,TYR,-,-,TYR,TYR,-,-,-,TYR,TYR,-,-,-,-,-,-,-,-
508,ILE,ILE,ILE,-,-,ILE,ILE,-,-,-,ILE,ILE,-,-,-,-,-,-,-,-
509,SER,SER,SER,-,-,SER,SER,-,-,-,SER,SER,-,-,-,-,-,-,-,-
510,LYS,LYS,LYS,-,-,LYS,LYS,-,-,-,LYS,LYS,-,-,-,-,-,-,-,-
511,ILE,ILE,ILE,-,-,ILE,ILE,-,-,-,ILE,ILE,-,-,-,-,-,-,-,-
512,VAL,VAL,VAL,-,-,VAL,VAL,-,-,-,VAL,VAL,-,-,-,-,-,-,-,-
513,VAL,VAL,VAL,-,-,VAL,VAL,-,-,-,VAL,VAL,-,-,-,-,-,-,-,-
514,GLU,GLU,GLU,-,-,GLU,GLU,-,-,-,GLU,GLU,-,-,-,-,-,-,-,-
515,PHE,PHE,PHE,-,-,PHE,PHE,-,-,-,PHE,PHE,-,-,-,-,-,-,-,-
516,LEU,LEU,LEU,-,-,LEU,LEU,-,-,-,LEU,LEU,-,-,-,-,-,-,-,-
517,GLN,GLN,GLN,-,-,GLN,GLN,-,-,-,GLN,GLN,-,-,-,-,-,-,-,-
518,SER,SER,SER,-,-,SER,SER,-,-,-,SER,SER,-,-,-,-,-,-,-,-
519,ASN,ASN,ASN,-,-,ASN,ASN,-,-,-,ASN,ASN,-,-,-,-,-,-,-,-
520,SER,SER,SER,-,-,SER,SER,-,-,-,SER,SER,-,-,-,-,-,-,-,-
521,ASP,ASP,ASP,-,-,ASP,ASP,-,-,-,ASP,ASP,-,-,-,-,-,-,-,-
522,SER,SER,SER,-,-,SER,SER,-,-,-,SER,SER,-,-,-,-,-,-,-,-
523,THR,THR,THR,-,-,THR,THR,-,-,-,THR,THR,-,-,-,-,-,-,-,-
524,TYR,TYR,TYR,-,-,TYR,TYR,-,-,-,TYR,TYR,-,-,-,-,-,-,-,-
525,GLU,GLU,GLU,-,-,GLU,GLU,-,-,-,GLU,GLU,-,-,-,-,-,-,-,-
526,ASP,ASP,ASP,-,-,ASP,ASP,-,-,-,ASP,ASP,-,-,-,-,-,-,-,-
527,LEU,LEU,LEU,-,-,LEU,LEU,-,-,-,LEU,LEU,-,-,-,-,-,-,-,-
528,ILE,ILE,ILE,-,-,ILE,ILE,-,-,-,ILE,ILE,-,-,-,-,-,-,-,-
529,ASN,ASN,ASN,-,-,ASN,ASN,-,-,-,ASN,ASN,-,-,-,-,-,-,-,-
530,LYS,LYS,LYS,-,-,LYS,LYS,-,-,-,LYS,LYS,-,-,-,-,-,-,-,-
531,ILE,ILE,ILE,-,-,ILE,ILE,-,-,-,ILE,ILE,-,-,-,-,-,-,-,-
532,GLU,GLU,GLU,-,-,GLU,GLU,-,-,-,GLU,GLU,-,-,-,-,-,-,-,-
533,THR,THR,THR,-,-,THR,THR,-,-,-,THR,THR,-,-,-,-,-,-,-,-
534,THR,THR,THR,-,-,THR,THR,-,-,-,THR,THR,-,-,-,-,-,-,-,-
535,VAL,VAL,VAL,-,-,VAL,VAL,-,-,-,VAL,VAL,-,-,-,-,-,-,-,-
536,PRO,PRO,PRO,-,-,PRO,PRO,-,-,-,PRO,PRO,-,-,-,-,-,-,-,-
537,PRO,PRO,PRO,-,-,PRO,PRO,-,-,-,PRO,PRO,-,-,-,-,-,-,-,-
538,SER,SER,SER,-,-,SER,SER,-,-,-,SER,SER,-,-,-,-,-,-,-,-
539,GLY,GLY,GLY,-,-,GLY,GLY,-,-,-,GLY,GLY,-,-,-,-,-,-,-,-
540,LEU,LEU,LEU,-,-,LEU,LEU,-,-,-,LEU,LEU,-,-,-,-,-,-,-,-
541,ASN,ASN,ASN,-,-,ASN,ASN,-,-,-,ASN,ASN,-,-,-,-,-,-,-,-
542,LEU,LEU,LEU,-,-,LEU,LEU,-,-,-,LEU,LEU,-,-,-,-,-,-,-,-
543,ASN,ASN,ASN,-,-,ASN,ASN,-,-,-,ASN,ASN,-,-,-,-,-,-,-,-
544,ARG,ARG,ARG,-,-,ARG,ARG,-,-,-,ARG,ARG,-,-,-,-,-,-,-,-
545,PHE,PHE,PHE,-,-,PHE,PHE,-,-,-,PHE,PHE,-,-,-,-,-,-,-,-
546,THR,THR,THR,-,-,THR,THR,-,-,-,THR,THR,-,-,-,-,-,-,-,-
547,GLU,GLU,GLU,-,-,GLU,GLU,-,-,-,GLU,GLU,-,-,-,-,-,-,-,-
548,ASP,ASP,ASP,-,-,ASP,ASP,-,-,-,ASP,ASP,-,-,-,-,-,-,-,-
549,SER,SER,SER,-,-,SER,SER,-,-,-,SER,SER,-,-,-,-,-,-,-,-
550,LEU,LEU,LEU,-,-,LEU,LEU,-,-,-,LEU,LEU,-,-,-,-,-,-,-,-
551,LEU,LEU,LEU,-,-,LEU,LEU,-,-,-,LEU,LEU,-,-,-,-,-,-,-,-
552,ARG,ARG,ARG,-,-,ARG,ARG,-,-,-,ARG,ARG,-,-,-,-,-,-,-,-
553,HIS,HIS,HIS,-,-,HIS,HIS,-,-,-,HIS,HIS,-,-,-,-,-,-,-,-
554,ALA,ALA,ALA,-,-,ALA,ALA,-,-,-,ALA,ALA,-,-,-,-,-,-,-,-
555,GLN,GLN,GLN,-,-,GLN,GLN,-,-,-,GLN,GLN,-,-,-,-,-,-,-,-
556,PHE,PHE,PHE,-,-,PHE,PHE,-,-,-,PHE,PHE,-,-,-,-,-,-,-,-
557,VAL,VAL,VAL,-,-,VAL,VAL,-,-,-,VAL,VAL,-,-,-,-,-,-,-,-
558,VAL,VAL,VAL,-,-,VAL,VAL,-,-,-,VAL,VAL,-,-,-,-,-,-,-,-
559,GLU,GLU,GLU,-,-,GLU,GLU,-,-,-,GLU,GLU,-,-,-,-,-,-,-,-
560,GLN,GLN,GLN,-,-,GLN,GLN,-,-,-,GLN,GLN,-,-,-,-,-,-,-,-
561,VAL,VAL,VAL,-,-,VAL,VAL,-,-,-,VAL,VAL,-,-,-,-,-,-,-,-
562,GLU,GLU,GLU,-,-,GLU,GLU,-,-,-,GLU,GLU,-,-,-,-,-,-,-,-
563,SER,SER,SER,-,-,SER,SER,-,-,-,SER,SER,-,-,-,-,-,-,-,-
564,TYR,TYR,TYR,-,-,TYR,TYR,-,-,-,TYR,TYR,-,-,-,-,-,-,-,-
565,ASP,ASP,ASP,-,-,ASP,ASP,-,-,-,ASP,ASP,-,-,-,-,-,-,-,-
566,GLU,GLU,GLU,-,-,GLU,GLU,-,-,-,GLU,GLU,-,-,-,-,-,-,-,-
567,ALA,ALA,ALA,-,-,ALA,ALA,-,-,-,ALA,ALA,-,-,-,-,-,-,-,-
568,GLY,GLY,GLY,-,-,GLY,GLY,-,-,-,GLY,GLY,-,-,-,-,-,-,-,-
569,ASP,ASP,ASP,-,-,ASP,ASP,-,-,-,ASP,ASP,-,-,-,-,-,-,-,-
570,SER,-,-,-,-,SER,SER,-,-,-,SER,SER,-,-,-,-,-,-,-,-
571,ASP,-,-,-,-,ASP,ASP,-,-,-,ASP,ASP,-,-,-,-,-,-,-,-
572,GLU,-,-,-,-,GLU,GLU,-,-,-,GLU,GLU,-,-,-,-,-,-,-,-
573,GLN,GLN,GLN,-,-,GLN,GLN,-,-,-,GLN,GLN,-,-,-,-,-,-,-,-
574,PRO,PRO,PRO,-,-,PRO,PRO,-,-,-,PRO,PRO,-,-,-,-,-,-,-,-
575,ILE,ILE,ILE,-,-,ILE,ILE,-,-,-,ILE,ILE,-,-,-,-,-,-,-,-
576,PHE,PHE,PHE,-,-,PHE,PHE,-,-,-,PHE,PHE,-,-,-,-,-,-,-,-
577,LEU,LEU,LEU,-,-,LEU,LEU,-,-,-,LEU,LEU,-,-,-,-,-,-,-,-
578,THR,THR,THR,-,-,THR,THR,-,-,-,THR,THR,-,-,-,-,-,-,-,-
579,PRO,PRO,PRO,-,-,PRO,PRO,-,-,-,PRO,PRO,-,-,-,-,-,-,-,-
580,CYS,CYS,CYS,-,-,CYS,CYS,-,-,-,CYS,CYS,-,-,-,-,-,-,-,-
581,MET,MSE,MSE,-,-,MET,MET,-,-,-,MET,MET,-,-,-,-,-,-,-,-
582,ARG,ARG,ARG,-,-,ARG,ARG,-,-,-,ARG,ARG,-,-,-,-,-,-,-,-
583,ASP,ASP,ASP,-,-,ASP,ASP,-,-,-,ASP,ASP,-,-,-,-,-,-,-,-
584,LEU,LEU,LEU,-,-,LEU,LEU,-,-,-,LEU,LEU,-,-,-,-,-,-,-,-
585,ILE,ILE,ILE,-,-,ILE,ILE,-,-,-,ILE,ILE,-,-,-,-,-,-,-,-
586,LYS,LYS,LYS,-,-,LYS,LYS,-,-,-,LYS,LYS,-,-,-,-,-,-,-,-
587,LEU,LEU,LEU,-,-,LEU,LEU,-,-,-,LEU,LEU,-,-,-,-,-,-,-,-
588,ALA,ALA,ALA,-,-,ALA,ALA,-,-,-,ALA,ALA,-,-,-,-,-,-,-,-
589,GLY,GLY,GLY,-,-,GLY,GLY,-,-,-,GLY,GLY,-,-,-,-,-,-,-,-
590,VAL,VAL,VAL,-,-,VAL,VAL,-,-,-,VAL,VAL,-,-,-,-,-,-,-,-
591,THR,THR,THR,-,-,THR,THR,-,-,-,THR,THR,-,-,-,-,-,-,-,-
592,LEU,LEU,LEU,-,-,LEU,LEU,-,-,-,-,LEU,-,-,-,-,-,-,-,-
593,GLY,GLY,GLY,-,-,GLY,GLY,-,-,-,-,GLY,-,-,-,-,-,-,-,-
594,GLN,GLN,GLN,-,-,GLN,GLN,-,-,-,-,GLN,-,-,-,-,-,-,-,-
595,ARG,ARG,ARG,-,-,ARG,ARG,-,-,-,-,ARG,-,-,-,-,-,-,-,-
596,ARG,ARG,ARG,-,-,ARG,ARG,-,-,-,-,ARG,-,-,-,-,-,-,-,-
597,ALA,ALA,ALA,-,-,ALA,ALA,-,-,-,-,ALA,-,-,-,-,-,-,-,-
598,GLN,GLN,-,-,-,GLN,GLN,-,-,-,-,GLN,-,-,-,-,-,-,-,-
599,ALA,ALA,-,-,-,ALA,ALA,-,-,-,-,ALA,-,-,-,-,-,-,-,-
600,ARG,-,-,-,-,ARG,ARG,-,-,-,-,-,-,-,-,-,-,-,-,-
601,ARG,-,-,-,ARG,ARG,ARG,-,-,-,-,-,-,-,-,-,-,-,-,-
602,GLN,-,-,-,GLN,GLN,GLN,-,-,-,-,-,-,-,-,-,-,-,-,-
603,THR,-,-,-,THR,-,-,-,-,-,-,-,-,-,-,-,-,-,-,-
604,ILE,-,-,-,ILE,-,-,-,-,-,-,-,-,-,-,-,-,-,-,-
605,ARG,-,-,-,ARG,-,-,-,-,-,-,-,-,-,-,-,-,-,-,-
606,HIS,-,-,-,HIS,-,-,-,-,-,-,-,-,-,-,-,-,-,-,-
607,SER,-,-,-,SER,-,-,-,-,-,-,-,-,-,-,-,-,-,-,-
608,THR,-,-,-,THR,-,-,-,-,-,-,-,-,-,-,-,-,-,-,-
609,ARG,-,-,-,ARG,-,-,-,-,-,-,-,-,-,-,-,-,-,-,-
610,GLU,-,-,-,GLU,-,-,-,-,-,-,-,-,-,-,-,-,-,-,-
611,LYS,-,-,-,-,-,-,-,-,-,-,-,-,-,-,-,-,-,-,-
612,ASP,-,-,-,-,-,-,-,-,-,-,-,-,-,-,-,-,-,-,-
613,ARG,-,-,-,-,-,-,-,-,-,-,-,-,-,-,-,-,-,-,-
614,GLY,-,-,-,-,-,-,-,-,-,-,-,-,-,-,-,-,-,-,-
615,PRO,-,-,-,PRO,-,PRO,PRO,-,-,-,-,-,-,-,-,-,-,-,-
616,THR,-,-,-,THR,THR,THR,THR,-,-,-,-,-,-,-,-,-,-,-,-
617,LYS,-,-,-,LYS,LYS,LYS,LYS,-,-,-,-,-,-,-,-,-,-,-,-
618,ALA,-,-,-,ALA,ALA,ALA,ALA,-,-,-,-,-,-,-,-,-,-,-,-
619,THR,-,-,-,THR,THR,THR,THR,-,-,-,-,-,-,-,-,-,-,-,-
620,THR,-,-,-,THR,THR,THR,THR,-,-,-,-,-,-,-,-,-,-,-,-
621,THR,-,-,-,THR,THR,THR,THR,-,-,-,-,-,-,-,-,-,-,-,-
622,LYS,-,-,-,LYS,LYS,LYS,LYS,-,-,-,-,-,-,-,-,-,-,-,-
623,LEU,-,-,-,LEU,LEU,LEU,LEU,-,-,-,-,-,-,-,-,-,-,-,-
624,VAL,-,-,-,VAL,VAL,VAL,VAL,-,-,-,-,-,-,-,-,-,-,-,-
625,TYR,-,-,-,TYR,TYR,TYR,TYR,-,-,-,-,-,-,-,-,-,-,-,-
626,GLN,-,-,-,GLN,GLN,GLN,GLN,-,-,-,-,-,-,-,-,-,-,-,-
627,ILE,-,-,-,ILE,ILE,ILE,ILE,-,-,-,-,-,-,-,-,-,-,-,-
628,PHE,-,-,-,PHE,PHE,PHE,PHE,-,-,-,-,-,-,-,-,-,-,-,-
629,ASP,-,-,-,ASP,ASP,ASP,ASP,-,-,-,-,-,-,-,-,-,-,-,-
630,THR,-,-,-,THR,THR,THR,THR,-,-,-,-,-,-,-,-,-,-,-,-
631,PHE,-,-,-,PHE,PHE,PHE,PHE,-,-,-,-,-,-,-,-,-,-,-,-
632,PHE,-,-,-,PHE,PHE,PHE,PHE,-,-,-,-,-,-,-,-,-,-,-,-
633,ALA,-,-,-,ALA,ALA,ALA,ALA,-,-,-,-,-,-,-,-,-,-,-,-
634,GLU,-,-,-,GLU,GLU,GLU,-,-,-,-,-,-,-,-,-,-,-,-,-
635,GLN,-,-,-,GLN,GLN,GLN,-,-,-,-,-,-,-,-,-,-,-,-,-
636,ILE,-,-,-,ILE,ILE,ILE,-,-,-,-,-,-,-,-,-,-,-,-,-
637,GLU,-,-,-,-,GLU,GLU,-,-,-,-,-,-,-,-,-,-,-,-,-
638,LYS,-,-,-,-,LYS,LYS,-,-,-,-,-,-,-,-,-,-,-,-,-
639,ASP,-,-,-,-,-,-,-,-,-,-,-,-,-,-,-,-,-,-,-
640,ASP,-,-,-,-,-,-,-,-,-,-,-,-,-,-,-,-,-,-,-
641,ARG,-,-,-,-,-,-,-,-,-,-,-,-,-,-,-,-,-,-,-
642,GLU,-,-,-,-,-,-,-,-,-,-,-,-,-,-,-,-,-,-,-
643,ASP,-,-,-,-,-,-,-,-,-,-,-,-,-,-,-,-,-,-,-
644,LYS,-,-,-,-,-,-,-,-,-,-,-,-,-,-,-,-,-,-,-
645,GLU,-,-,-,-,-,-,-,-,-,-,-,-,-,-,-,-,-,-,-
646,ASN,-,-,-,ASN,-,-,-,-,-,-,-,-,-,-,-,-,-,-,-
647,ALA,-,-,ALA,ALA,-,-,-,-,-,-,-,-,-,-,-,-,-,-,-
648,PHE,-,-,PHE,PHE,-,-,-,-,-,-,-,-,-,-,-,-,-,-,-
649,LYS,-,-,LYS,LYS,LYS,LYS,-,-,-,-,-,-,-,-,-,-,-,-,-
650,ARG,-,-,ARG,ARG,ARG,ARG,-,-,-,-,-,-,-,-,-,-,-,-,-
651,ARG,-,-,ARG,ARG,ARG,ARG,-,-,-,-,-,-,-,-,-,-,-,-,-
652,ARG,-,-,ARG,ARG,ARG,ARG,-,-,-,-,-,-,-,-,-,-,-,-,-
653,CYS,-,-,CYS,CYS,CYS,CYS,-,-,-,-,-,-,-,-,-,-,-,-,-
654,GLY,-,-,GLY,GLY,GLY,GLY,-,-,-,-,-,-,-,-,-,-,-,-,-
655,VAL,-,-,VAL,VAL,VAL,VAL,-,-,-,-,-,-,-,-,-,-,-,-,-
656,CYS,-,-,CYS,CYS,CYS,CYS,-,-,-,-,-,-,-,-,-,-,-,-,-
657,GLU,-,-,GLU,GLU,GLU,GLU,-,-,-,-,-,-,-,-,-,-,-,-,-
658,VAL,-,-,VAL,VAL,VAL,VAL,-,-,-,-,-,-,-,-,-,-,-,-,-
659,CYS,-,-,CYS,CYS,CYS,CYS,-,-,-,-,-,-,-,-,-,-,-,-,-
660,GLN,-,-,GLN,GLN,GLN,GLN,-,-,-,-,-,-,-,-,-,-,-,-,-
661,GLN,-,-,GLN,GLN,GLN,GLN,-,-,-,-,-,-,-,-,-,-,-,-,-
662,PRO,-,-,PRO,PRO,PRO,PRO,-,-,-,-,-,-,-,-,-,-,-,-,-
663,GLU,-,-,GLU,GLU,GLU,GLU,-,-,-,-,-,-,-,-,-,-,-,-,-
664,CYS,-,-,CYS,CYS,CYS,CYS,-,-,-,-,-,-,-,-,-,-,-,-,-
665,GLY,-,-,GLY,GLY,GLY,GLY,-,-,-,-,-,-,-,-,-,-,-,-,-
666,LYS,-,-,LYS,LYS,LYS,LYS,-,-,-,-,-,-,-,-,-,-,-,-,-
667,CYS,-,-,CYS,CYS,CYS,CYS,-,-,-,-,-,-,-,-,-,-,-,-,-
668,LYS,-,-,LYS,LYS,LYS,LYS,-,-,-,-,-,-,-,-,-,-,-,-,-
669,ALA,-,-,ALA,ALA,ALA,ALA,-,-,-,-,-,-,-,-,-,-,-,-,-
670,CYS,-,-,CYS,CYS,CYS,CYS,-,-,-,-,-,-,-,-,-,-,-,-,-
671,LYS,-,-,LYS,LYS,LYS,LYS,-,-,-,-,-,-,-,-,-,-,-,-,-
672,ASP,-,-,ASP,ASP,ASP,ASP,-,-,-,-,-,-,-,-,-,-,-,-,-
673,MET,-,-,MET,MET,MET,MET,-,-,-,-,-,-,-,-,-,-,-,-,-
674,VAL,-,-,VAL,VAL,VAL,VAL,-,-,-,-,-,-,-,-,-,-,-,-,-
675,LYS,-,-,LYS,LYS,LYS,LYS,-,-,-,-,-,-,-,-,-,-,-,-,-
676,PHE,-,-,PHE,PHE,PHE,PHE,-,-,-,-,-,-,-,-,-,-,-,-,-
677,GLY,-,-,GLY,GLY,GLY,GLY,-,-,-,-,-,-,-,-,-,-,-,-,-
678,GLY,-,-,GLY,GLY,GLY,GLY,-,-,-,-,-,-,-,-,-,-,-,-,-
679,SER,-,-,SER,SER,SER,SER,-,-,-,-,-,-,-,-,-,-,-,-,-
680,GLY,-,-,GLY,GLY,GLY,GLY,-,-,-,-,-,-,-,-,-,-,-,-,-
681,ARG,-,-,ARG,ARG,ARG,ARG,-,-,-,-,-,-,-,-,-,-,-,-,-
682,SER,-,-,SER,SER,SER,SER,-,-,-,-,-,-,-,-,-,-,-,-,-
683,LYS,-,-,LYS,LYS,LYS,LYS,-,-,-,-,-,-,-,-,-,-,-,-,-
684,GLN,-,-,GLN,GLN,GLN,GLN,-,-,-,-,-,-,-,-,-,-,-,-,-
685,ALA,-,-,ALA,ALA,ALA,ALA,-,-,-,-,-,-,-,-,-,-,-,-,-
686,CYS,-,-,CYS,CYS,CYS,CYS,-,-,-,-,-,-,-,-,-,-,-,-,-
687,GLN,-,-,GLN,GLN,GLN,GLN,-,-,-,-,-,-,-,-,-,-,-,-,-
688,GLU,-,-,GLU,GLU,GLU,GLU,-,-,-,-,-,-,-,-,-,-,-,-,-
689,ARG,-,-,ARG,ARG,ARG,ARG,-,-,-,-,-,-,-,-,-,-,-,-,-
690,ARG,-,-,ARG,ARG,ARG,ARG,-,-,-,-,-,-,-,-,-,-,-,-,-
691,CYS,-,-,CYS,CYS,CYS,CYS,-,-,-,-,-,-,-,-,-,-,-,-,-
692,PRO,-,-,PRO,PRO,PRO,PRO,-,-,-,-,-,-,-,-,-,-,-,-,-
693,ASN,-,-,ASN,ASN,ASN,ASN,-,-,-,-,-,-,-,-,-,-,-,-,-
694,MET,-,-,MET,MET,MET,MET,-,-,-,-,-,-,-,-,-,-,-,-,-
695,ALA,-,-,ALA,ALA,ALA,ALA,-,-,-,-,-,-,-,-,-,-,-,-,-
696,MET,-,-,MET,MET,MET,MET,-,-,-,-,-,-,-,-,-,-,-,-,-
697,LYS,-,-,LYS,LYS,LYS,LYS,-,-,-,-,-,-,-,-,-,-,-,-,-
698,GLU,-,-,GLU,GLU,GLU,GLU,-,-,-,-,-,-,-,-,-,-,-,-,-
699,ALA,-,-,ALA,ALA,ALA,ALA,-,-,-,-,-,-,-,-,-,-,-,-,-
700,ASP,-,-,ASP,ASP,ASP,ASP,-,-,-,-,-,-,-,-,-,-,-,-,-
701,ASP,-,-,ASP,ASP,ASP,ASP,-,-,-,-,-,-,-,-,-,-,-,-,-
702,ASP,-,-,ASP,ASP,ASP,ASP,ASP,-,-,-,-,-,-,-,-,-,-,-,-
703,GLU,-,-,GLU,GLU,GLU,GLU,GLU,-,-,-,-,-,-,-,-,-,-,-,-
704,GLU,-,-,GLU,GLU,GLU,GLU,GLU,-,-,-,-,-,-,-,-,-,-,-,-
705,VAL,-,-,VAL,VAL,VAL,VAL,VAL,-,-,-,-,-,-,-,-,-,-,-,-
706,ASP,-,-,ASP,ASP,ASP,ASP,ASP,-,-,-,-,-,-,-,-,-,-,-,-
707,ASP,-,-,ASP,ASP,ASP,ASP,ASP,-,-,-,-,-,-,-,-,-,-,-,-
708,ASN,-,-,ASN,ASN,ASN,ASN,ASN,-,-,-,-,-,-,-,-,-,-,-,-
709,ILE,-,-,ILE,ILE,ILE,ILE,ILE,-,-,-,-,-,-,-,-,-,-,-,-
710,PRO,-,-,PRO,PRO,PRO,PRO,PRO,-,-,-,-,-,-,-,-,-,-,-,-
711,GLU,-,-,GLU,GLU,GLU,GLU,GLU,-,-,-,-,-,-,-,-,-,-,-,-
712,MET,-,-,MET,MET,MET,MET,MET,-,-,-,-,-,-,-,-,-,-,-,-
713,PRO,-,-,PRO,PRO,PRO,PRO,PRO,-,-,-,-,-,-,-,-,-,-,-,-
714,SER,-,-,SER,SER,SER,SER,SER,-,-,-,-,-,-,-,-,-,-,-,-
715,PRO,-,-,PRO,PRO,PRO,PRO,PRO,-,-,-,-,-,-,-,-,-,-,-,-
716,LYS,-,-,LYS,LYS,LYS,LYS,LYS,-,-,-,-,-,-,-,-,-,-,-,-
717,LYS,-,-,LYS,LYS,LYS,LYS,LYS,-,-,-,-,-,-,-,-,-,-,-,-
718,MET,-,-,MET,MET,MET,MET,MET,-,-,-,-,-,-,-,-,-,-,-,-
719,HIS,-,-,HIS,HIS,-,HIS,HIS,-,-,-,-,-,-,-,-,-,-,-,-
720,GLN,-,-,GLN,GLN,GLN,GLN,GLN,-,-,-,-,-,-,-,-,-,-,-,-
721,GLY,-,-,GLY,GLY,GLY,GLY,GLY,-,-,-,-,-,-,-,-,-,-,-,-
722,LYS,-,-,LYS,LYS,LYS,LYS,LYS,-,-,-,-,-,-,-,-,-,-,-,-
723,LYS,-,-,LYS,LYS,LYS,LYS,LYS,-,-,-,-,-,-,-,-,-,-,-,-
724,LYS,-,-,LYS,LYS,LYS,LYS,LYS,-,-,-,-,-,-,-,-,-,-,-,-
725,LYS,-,-,LYS,LYS,LYS,LYS,LYS,-,-,-,-,-,-,-,-,-,-,-,-
726,GLN,-,-,GLN,GLN,GLN,GLN,GLN,-,-,-,-,-,-,-,-,-,-,-,-
727,ASN,-,-,ASN,ASN,ASN,ASN,ASN,-,-,-,-,-,-,-,-,-,-,-,-
728,LYS,-,-,LYS,LYS,LYS,LYS,LYS,-,-,-,-,-,-,-,-,-,-,-,-
729,ASN,-,-,ASN,ASN,ASN,ASN,ASN,-,-,-,-,-,-,-,-,-,-,-,-
730,ARG,-,-,ARG,ARG,ARG,ARG,ARG,-,-,-,-,-,-,-,ARG,ARG,ARG,ARG,ARG
731,ILE,-,-,ILE,ILE,ILE,ILE,ILE,-,-,-,-,-,-,-,ILE,ILE,ILE,ILE,ILE
732,SER,-,-,SER,SER,SER,SER,SER,-,-,-,-,-,-,-,SER,SER,SER,SER,SER
733,TRP,-,-,TRP,TRP,TRP,TRP,TRP,-,-,-,-,-,-,-,TRP,TRP,TRP,TRP,TRP
734,VAL,-,-,VAL,VAL,VAL,VAL,VAL,-,-,-,-,-,-,-,VAL,VAL,VAL,VAL,VAL
735,GLY,-,-,GLY,GLY,GLY,GLY,GLY,-,-,-,-,-,-,-,GLY,GLY,GLY,GLY,GLY
736,GLU,-,-,GLU,GLU,GLU,GLU,GLU,-,-,-,-,-,-,-,GLU,GLU,GLU,GLU,GLU
737,ALA,-,-,ALA,ALA,ALA,ALA,ALA,-,-,-,-,-,-,-,ALA,ALA,ALA,ALA,ALA
738,VAL,-,-,VAL,VAL,VAL,VAL,VAL,-,-,-,-,-,-,-,VAL,VAL,VAL,VAL,VAL
739,LYS,-,-,LYS,LYS,LYS,LYS,LYS,-,-,-,-,-,-,-,LYS,LYS,LYS,LYS,LYS
740,THR,-,-,THR,THR,THR,THR,THR,-,-,-,-,-,-,-,THR,THR,THR,THR,THR
741,ASP,-,-,ASP,ASP,ASP,ASP,ASP,-,-,-,-,-,-,-,ASP,ASP,ASP,ASP,ASP
742,GLY,-,-,GLY,GLY,-,GLY,GLY,-,-,-,-,-,-,-,GLY,GLY,GLY,GLY,GLY
743,LYS,-,-,LYS,LYS,LYS,LYS,LYS,-,-,-,-,-,-,-,LYS,LYS,LYS,LYS,LYS
744,LYS,-,-,LYS,LYS,LYS,LYS,LYS,-,-,-,-,-,-,-,LYS,LYS,LYS,LYS,LYS
745,SER,-,-,SER,SER,SER,SER,SER,-,-,-,-,-,-,-,SER,SER,SER,SER,SER
746,TYR,-,-,TYR,TYR,TYR,TYR,TYR,-,-,-,-,-,-,-,TYR,TYR,TYR,TYR,TYR
747,TYR,-,-,TYR,TYR,TYR,TYR,TYR,-,-,-,-,-,-,-,TYR,TYR,TYR,TYR,TYR
748,LYS,-,-,LYS,LYS,LYS,LYS,LYS,-,-,-,-,-,-,-,LYS,LYS,LYS,LYS,LYS
749,LYS,-,-,LYS,LYS,LYS,LYS,LYS,-,-,-,-,-,-,-,LYS,LYS,LYS,LYS,LYS
750,VAL,-,-,VAL,VAL,VAL,VAL,VAL,-,-,-,-,-,-,-,VAL,VAL,VAL,VAL,VAL
751,CYS,-,-,CYS,CYS,CYS,CYS,CYS,-,-,-,-,-,-,-,CYS,CYS,CYS,CYS,CYS
752,ILE,-,-,ILE,ILE,ILE,ILE,ILE,-,-,-,-,-,-,-,ILE,ILE,ILE,ILE,ILE
753,ASP,-,-,ASP,ASP,ASP,ASP,ASP,-,-,-,-,-,-,-,ASP,ASP,ASP,ASP,ASP
754,ALA,-,-,ALA,ALA,ALA,ALA,ALA,-,-,-,-,-,-,-,ALA,ALA,ALA,ALA,ALA
755,GLU,-,-,GLU,GLU,GLU,GLU,GLU,-,-,-,-,-,-,-,GLU,GLU,GLU,GLU,GLU
756,THR,-,-,THR,THR,THR,THR,THR,-,-,-,-,-,-,-,THR,THR,THR,THR,THR
757,LEU,-,-,LEU,LEU,LEU,LEU,LEU,-,-,-,-,-,-,-,LEU,LEU,LEU,LEU,LEU
758,GLU,-,-,GLU,GLU,GLU,GLU,GLU,-,-,-,-,-,-,-,GLU,GLU,GLU,GLU,GLU
759,VAL,-,-,VAL,VAL,VAL,VAL,VAL,-,-,-,-,-,-,-,VAL,VAL,VAL,VAL,VAL
760,GLY,-,-,GLY,GLY,GLY,GLY,GLY,-,-,-,-,-,-,-,GLY,GLY,GLY,GLY,GLY
761,ASP,-,-,ASP,ASP,ASP,ASP,ASP,-,-,-,-,-,-,-,ASP,ASP,ASP,ASP,ASP
762,CYS,-,-,CYS,CYS,CYS,CYS,CYS,-,-,-,-,-,-,-,CYS,CYS,CYS,CYS,CYS
763,VAL,-,-,VAL,VAL,VAL,VAL,VAL,-,-,-,-,-,-,-,VAL,VAL,VAL,VAL,VAL
764,SER,-,-,SER,SER,SER,SER,SER,-,-,-,-,-,-,-,SER,SER,SER,SER,SER
765,VAL,-,-,VAL,VAL,VAL,VAL,VAL,-,-,-,-,-,-,-,VAL,VAL,VAL,VAL,VAL
766,ILE,-,-,ILE,ILE,ILE,ILE,ILE,-,-,-,-,-,-,-,ILE,ILE,ILE,ILE,ILE
767,PRO,-,-,PRO,PRO,PRO,PRO,PRO,-,-,-,-,-,-,-,PRO,PRO,PRO,PRO,PRO
768,ASP,-,-,ASP,ASP,ASP,ASP,ASP,-,-,-,-,-,-,-,ASP,ASP,ASP,ASP,ASP
769,ASP,-,-,ASP,ASP,ASP,ASP,ASP,-,-,-,-,-,-,-,ASP,ASP,ASP,ASP,ASP
770,SER,-,-,SER,SER,SER,SER,SER,-,-,-,-,-,-,-,SER,SER,SER,SER,SER
771,SER,-,-,SER,SER,SER,SER,SER,-,-,-,-,-,-,-,SER,SER,SER,SER,SER
772,LYS,-,-,LYS,LYS,LYS,LYS,LYS,-,-,-,-,-,-,-,LYS,LYS,LYS,LYS,LYS
773,PRO,-,-,PRO,PRO,PRO,PRO,PRO,-,-,-,-,-,-,-,PRO,PRO,PRO,PRO,PRO
774,LEU,-,-,LEU,LEU,LEU,LEU,LEU,-,-,-,-,-,-,-,LEU,LEU,LEU,LEU,LEU
775,TYR,-,-,TYR,TYR,TYR,TYR,TYR,-,-,-,-,-,-,-,TYR,TYR,TYR,TYR,TYR
776,LEU,-,-,LEU,LEU,LEU,LEU,LEU,-,-,-,-,-,-,-,LEU,LEU,LEU,LEU,LEU
777,ALA,-,-,ALA,ALA,ALA,ALA,ALA,-,-,-,-,-,-,-,ALA,ALA,ALA,ALA,ALA
778,ARG,-,-,ARG,ARG,ARG,ARG,ARG,-,-,-,-,-,-,-,ARG,ARG,ARG,ARG,ARG
779,VAL,-,-,VAL,VAL,VAL,VAL,VAL,-,-,-,-,-,-,-,VAL,VAL,VAL,VAL,VAL
780,THR,-,-,THR,THR,THR,THR,THR,-,-,-,-,-,-,-,THR,THR,THR,THR,THR
781,ALA,-,-,ALA,ALA,ALA,ALA,ALA,-,-,-,-,-,-,-,ALA,ALA,ALA,ALA,ALA
782,LEU,-,-,LEU,LEU,LEU,LEU,LEU,-,-,-,-,-,-,-,LEU,LEU,LEU,LEU,LEU
783,TRP,-,-,TRP,TRP,TRP,TRP,TRP,-,-,-,-,-,-,-,TRP,TRP,TRP,TRP,TRP
784,GLU,-,-,GLU,GLU,GLU,GLU,GLU,-,-,-,-,-,-,-,GLU,GLU,GLU,GLU,GLU
785,ASP,-,-,ASP,ASP,ASP,ASP,ASP,-,-,-,-,-,-,-,ASP,ASP,ASP,ASP,ASP
786,SER,-,-,SER,SER,SER,SER,SER,-,-,-,-,-,-,-,SER,SER,SER,SER,SER
787,SER,-,-,SER,SER,SER,SER,SER,-,-,-,-,-,-,-,SER,SER,SER,SER,SER
788,ASN,-,-,ASN,ASN,ASN,ASN,ASN,-,-,-,-,-,-,-,ASN,ASN,ASN,ASN,ASN
789,GLY,-,-,GLY,GLY,GLY,GLY,GLY,-,-,-,-,-,-,-,GLY,GLY,GLY,GLY,GLY
790,GLN,-,-,GLN,GLN,GLN,GLN,GLN,-,-,-,-,-,-,-,GLN,GLN,GLN,GLN,GLN
791,MET,-,-,MET,MET,MET,MET,MET,-,-,-,-,-,-,-,MET,MET,MET,MET,MET
792,PHE,-,-,PHE,PHE,PHE,PHE,PHE,-,-,-,-,-,-,-,PHE,PHE,PHE,PHE,PHE
793,HIS,-,-,HIS,HIS,HIS,HIS,HIS,-,-,-,-,-,-,-,HIS,HIS,HIS,HIS,HIS
794,ALA,-,-,ALA,ALA,ALA,ALA,ALA,-,-,-,-,-,-,-,ALA,ALA,ALA,ALA,ALA
795,HIS,-,-,HIS,HIS,HIS,HIS,HIS,-,-,-,-,-,-,-,HIS,HIS,HIS,HIS,HIS
796,TRP,-,-,TRP,TRP,TRP,TRP,TRP,-,-,-,-,-,-,-,TRP,TRP,TRP,TRP,TRP
797,PHE,-,-,PHE,PHE,PHE,PHE,PHE,-,-,-,-,-,-,-,PHE,PHE,PHE,PHE,PHE
798,CYS,-,-,CYS,CYS,CYS,CYS,CYS,-,-,-,-,-,-,-,CYS,CYS,CYS,CYS,CYS
799,ALA,-,-,ALA,ALA,ALA,ALA,ALA,-,-,-,-,-,-,-,ALA,ALA,ALA,ALA,ALA
800,GLY,-,-,GLY,GLY,GLY,GLY,GLY,-,-,-,-,-,-,-,GLY,GLY,GLY,GLY,GLY
801,THR,-,-,THR,THR,THR,THR,THR,-,-,-,-,-,-,-,THR,THR,THR,THR,THR
802,ASP,-,-,ASP,ASP,ASP,ASP,ASP,-,-,-,-,-,-,-,ASP,ASP,ASP,ASP,ASP
803,THR,-,-,THR,THR,THR,THR,THR,-,-,-,-,-,-,-,THR,THR,THR,THR,THR
804,VAL,-,-,VAL,VAL,VAL,VAL,VAL,-,-,-,-,-,-,-,VAL,VAL,VAL,VAL,VAL
805,LEU,-,-,LEU,LEU,LEU,LEU,LEU,-,-,-,-,-,-,-,LEU,LEU,LEU,LEU,LEU
806,GLY,-,-,GLY,GLY,GLY,GLY,GLY,-,-,-,-,-,-,-,GLY,GLY,GLY,GLY,GLY
807,ALA,-,-,ALA,ALA,ALA,ALA,ALA,-,-,-,-,-,-,-,ALA,ALA,ALA,ALA,ALA
808,THR,-,-,THR,THR,THR,THR,THR,-,-,-,-,-,-,-,THR,THR,THR,THR,THR
809,SER,-,-,SER,SER,SER,SER,SER,-,-,-,-,-,-,-,SER,SER,SER,SER,SER
810,ASP,-,-,ASP,ASP,ASP,ASP,ASP,-,-,-,-,-,-,-,ASP,ASP,ASP,ASP,ASP
811,PRO,-,-,PRO,PRO,PRO,PRO,PRO,-,-,-,-,-,-,-,PRO,PRO,PRO,PRO,PRO
812,LEU,-,-,LEU,LEU,LEU,LEU,LEU,-,-,-,-,-,-,-,LEU,LEU,LEU,LEU,LEU
813,GLU,-,-,GLU,GLU,GLU,GLU,GLU,-,-,-,-,-,-,-,GLU,GLU,GLU,GLU,GLU
814,LEU,-,-,LEU,LEU,LEU,LEU,LEU,-,-,-,-,-,-,-,LEU,LEU,LEU,LEU,LEU
815,PHE,-,-,PHE,PHE,PHE,PHE,PHE,-,-,-,-,-,-,-,PHE,PHE,PHE,PHE,PHE
816,LEU,-,-,LEU,LEU,LEU,LEU,LEU,-,-,-,-,-,-,-,LEU,LEU,LEU,LEU,LEU
817,VAL,-,-,VAL,VAL,VAL,VAL,VAL,-,-,-,-,-,-,-,VAL,VAL,VAL,VAL,VAL
818,ASP,-,-,ASP,ASP,ASP,ASP,ASP,-,-,-,-,-,-,-,ASP,ASP,ASP,ASP,ASP
819,GLU,-,-,GLU,GLU,GLU,GLU,GLU,-,-,-,-,-,-,-,GLU,GLU,GLU,GLU,GLU
820,CYS,-,-,CYS,CYS,CYS,CYS,CYS,-,-,-,-,-,-,-,CYS,CYS,CYS,CYS,CYS
821,GLU,-,-,GLU,GLU,GLU,GLU,GLU,-,-,-,-,-,-,-,GLU,GLU,GLU,GLU,GLU
822,ASP,-,-,ASP,ASP,ASP,ASP,ASP,-,-,-,-,-,-,-,ASP,ASP,ASP,ASP,ASP
823,MET,-,-,MET,MET,MET,MET,MET,-,-,-,-,-,-,-,MET,MET,MET,MET,MET
824,GLN,-,-,GLN,GLN,GLN,GLN,GLN,-,-,-,-,-,-,-,GLN,GLN,GLN,GLN,GLN
825,LEU,-,-,LEU,LEU,LEU,LEU,LEU,-,-,-,-,-,-,-,LEU,LEU,LEU,LEU,LEU
826,SER,-,-,SER,SER,SER,SER,SER,-,-,-,-,-,-,-,SER,SER,SER,SER,SER
827,TYR,-,-,TYR,TYR,TYR,TYR,TYR,-,-,-,-,-,-,-,TYR,TYR,TYR,TYR,TYR
828,ILE,-,-,ILE,ILE,ILE,ILE,ILE,-,-,-,-,-,-,-,ILE,ILE,ILE,ILE,ILE
829,HIS,-,-,HIS,HIS,HIS,HIS,HIS,-,-,-,-,-,-,-,HIS,HIS,HIS,HIS,HIS
830,SER,-,-,SER,SER,SER,SER,SER,-,-,-,-,-,-,-,SER,SER,SER,SER,SER
831,LYS,-,-,LYS,LYS,LYS,LYS,LYS,-,-,-,-,-,-,-,LYS,LYS,LYS,LYS,LYS
832,VAL,-,-,VAL,VAL,VAL,VAL,VAL,-,-,-,-,-,-,-,VAL,VAL,VAL,VAL,VAL
833,LYS,-,-,LYS,LYS,LYS,LYS,LYS,-,-,-,-,-,-,-,LYS,LYS,LYS,LYS,LYS
834,VAL,-,-,VAL,VAL,VAL,VAL,VAL,-,-,-,-,-,-,-,VAL,VAL,VAL,VAL,VAL
835,ILE,-,-,ILE,ILE,ILE,ILE,ILE,-,-,-,-,-,-,-,ILE,ILE,ILE,ILE,ILE
836,TYR,-,-,TYR,TYR,TYR,TYR,TYR,-,-,-,-,-,-,-,TYR,TYR,TYR,TYR,TYR
837,LYS,-,-,LYS,LYS,LYS,LYS,LYS,-,-,-,-,-,-,-,LYS,LYS,LYS,LYS,LYS
838,ALA,-,-,ALA,ALA,ALA,ALA,ALA,-,-,-,-,-,-,-,ALA,ALA,ALA,ALA,ALA
839,PRO,-,-,PRO,PRO,PRO,PRO,PRO,-,-,-,-,-,-,-,PRO,PRO,PRO,PRO,PRO
840,SER,-,-,SER,SER,SER,SER,SER,-,-,-,-,-,-,-,SER,SER,SER,SER,SER
841,GLU,-,-,GLU,GLU,GLU,GLU,GLU,-,-,-,-,-,-,-,GLU,GLU,GLU,GLU,GLU
842,ASN,-,-,ASN,ASN,ASN,ASN,ASN,-,-,-,-,-,-,-,ASN,ASN,ASN,ASN,ASN
843,TRP,-,-,TRP,TRP,TRP,TRP,TRP,-,-,-,-,-,-,-,TRP,TRP,TRP,TRP,TRP
844,ALA,-,-,ALA,ALA,ALA,ALA,ALA,-,-,-,-,-,-,-,ALA,ALA,ALA,ALA,ALA
845,MET,-,-,MET,MET,MET,MET,MET,-,-,-,-,-,-,-,MET,MET,MET,MET,MET
846,GLU,-,-,GLU,GLU,GLU,GLU,GLU,-,-,-,-,-,-,-,GLU,GLU,GLU,GLU,GLU
847,GLY,-,-,GLY,GLY,GLY,GLY,GLY,-,-,-,-,-,-,-,GLY,GLY,GLY,GLY,GLY
848,GLY,-,-,GLY,GLY,GLY,GLY,GLY,-,-,-,-,-,-,-,GLY,GLY,GLY,GLY,GLY
849,MET,-,-,MET,MET,MET,MET,MET,-,-,-,-,-,-,-,MET,MET,MET,MET,MET
850,ASP,-,-,ASP,ASP,ASP,ASP,ASP,-,-,-,-,-,-,-,ASP,ASP,ASP,ASP,ASP
851,PRO,-,-,PRO,PRO,PRO,PRO,PRO,-,-,-,-,-,-,-,PRO,PRO,PRO,PRO,-
852,GLU,-,-,-,GLU,GLU,GLU,GLU,-,-,-,-,-,-,-,GLU,GLU,GLU,GLU,-
853,SER,-,-,-,SER,SER,SER,SER,-,-,-,-,-,-,-,SER,SER,SER,SER,-
854,LEU,-,-,-,LEU,LEU,LEU,-,-,-,-,-,-,-,-,LEU,LEU,LEU,LEU,-
855,LEU,-,-,-,LEU,LEU,LEU,-,-,-,-,-,-,-,-,LEU,LEU,LEU,LEU,-
856,GLU,-,-,-,GLU,GLU,GLU,-,-,-,-,-,-,-,-,GLU,GLU,GLU,GLU,-
857,GLY,-,-,-,GLY,GLY,GLY,-,-,-,-,-,-,-,-,GLY,GLY,GLY,GLY,-
858,ASP,-,-,-,ASP,ASP,ASP,-,-,-,-,-,-,-,-,ASP,ASP,ASP,ASP,-
859,ASP,-,-,-,ASP,ASP,ASP,-,-,-,-,-,-,-,-,ASP,ASP,ASP,ASP,-
860,GLY,-,-,GLY,GLY,GLY,GLY,GLY,-,-,-,-,-,-,-,GLY,GLY,GLY,GLY,-
861,LYS,-,-,LYS,LYS,LYS,LYS,LYS,-,-,-,-,-,-,-,LYS,LYS,LYS,LYS,LYS
862,THR,-,-,THR,THR,THR,THR,THR,-,-,-,-,-,-,-,THR,THR,THR,THR,THR
863,TYR,-,-,TYR,TYR,TYR,TYR,TYR,-,-,-,-,-,-,-,TYR,TYR,TYR,TYR,TYR
864,PHE,-,-,PHE,PHE,PHE,PHE,PHE,-,-,-,-,-,-,-,PHE,PHE,PHE,PHE,PHE
865,TYR,-,-,TYR,TYR,TYR,TYR,TYR,-,-,-,-,-,-,-,TYR,TYR,TYR,TYR,TYR
866,GLN,-,-,GLN,GLN,GLN,GLN,GLN,-,-,-,-,-,-,-,GLN,GLN,GLN,GLN,GLN
867,LEU,-,-,LEU,LEU,LEU,LEU,LEU,-,-,-,-,-,-,-,LEU,LEU,LEU,LEU,LEU
868,TRP,-,-,TRP,TRP,TRP,TRP,TRP,-,-,-,-,-,-,-,TRP,TRP,TRP,TRP,TRP
869,TYR,-,-,TYR,TYR,TYR,TYR,TYR,-,-,-,-,-,-,-,TYR,TYR,TYR,TYR,TYR
870,ASP,-,-,ASP,ASP,ASP,ASP,ASP,-,-,-,-,-,-,-,ASP,ASP,ASP,ASP,ASP
871,GLN,-,-,GLN,GLN,GLN,GLN,GLN,-,-,-,-,-,-,-,GLN,GLN,GLN,GLN,GLN
872,ASP,-,-,ASP,ASP,ASP,ASP,ASP,-,-,-,-,-,-,-,ASP,ASP,ASP,ASP,ASP
873,TYR,-,-,TYR,TYR,TYR,TYR,TYR,-,-,-,-,-,-,-,TYR,TYR,TYR,TYR,TYR
874,ALA,-,-,ALA,ALA,ALA,ALA,ALA,-,-,-,-,-,-,-,ALA,ALA,ALA,ALA,ALA
875,ARG,-,-,ARG,ARG,ARG,ARG,ARG,-,-,-,-,-,-,-,ARG,ARG,ARG,ARG,ARG
876,PHE,-,-,PHE,PHE,PHE,PHE,PHE,-,-,-,-,-,-,-,PHE,PHE,PHE,PHE,PHE
877,GLU,-,-,GLU,GLU,GLU,GLU,GLU,-,-,-,-,-,-,-,GLU,GLU,GLU,GLU,GLU
878,SER,-,-,SER,SER,SER,SER,SER,-,-,-,-,-,-,-,SER,SER,SER,SER,SER
879,PRO,-,-,PRO,PRO,PRO,PRO,PRO,-,-,-,-,-,-,-,PRO,PRO,PRO,PRO,PRO
880,PRO,-,-,PRO,PRO,PRO,PRO,PRO,-,-,-,-,-,-,-,PRO,PRO,PRO,PRO,PRO
881,LYS,-,-,LYS,LYS,LYS,LYS,LYS,-,-,-,-,-,-,-,LYS,LYS,LYS,LYS,LYS
882,THR,-,-,THR,THR,THR,THR,THR,-,-,-,-,-,-,-,THR,THR,THR,THR,THR
883,GLN,-,-,GLN,GLN,GLN,GLN,GLN,-,-,-,-,-,-,-,GLN,GLN,GLN,GLN,GLN
884,PRO,-,-,PRO,PRO,PRO,PRO,PRO,-,-,-,-,-,-,-,PRO,PRO,PRO,PRO,PRO
885,THR,-,-,THR,THR,THR,THR,THR,-,-,-,-,-,-,-,THR,THR,THR,THR,-
886,GLU,-,-,GLU,GLU,GLU,GLU,GLU,-,-,-,-,-,-,-,GLU,GLU,GLU,GLU,-
887,ASP,-,-,ASP,ASP,ASP,ASP,ASP,-,-,-,-,-,-,-,ASP,ASP,ASP,ASP,-
888,ASN,-,-,ASN,ASN,ASN,ASN,ASN,-,-,-,-,-,-,-,ASN,ASN,ASN,ASN,ASN
889,LYS,-,-,LYS,LYS,LYS,LYS,LYS,-,-,-,-,-,-,-,LYS,LYS,LYS,LYS,LYS
890,PHE,-,-,PHE,PHE,PHE,PHE,PHE,-,-,-,-,-,-,-,PHE,PHE,PHE,PHE,PHE
891,LYS,-,-,LYS,LYS,LYS,LYS,LYS,-,-,-,-,-,-,-,LYS,LYS,LYS,LYS,LYS
892,PHE,-,-,PHE,PHE,PHE,PHE,PHE,-,-,-,-,-,-,-,PHE,PHE,PHE,PHE,PHE
893,CYS,-,-,CYS,CYS,CYS,CYS,CYS,-,-,-,-,-,-,-,CYS,CYS,CYS,CYS,CYS
894,VAL,-,-,VAL,VAL,VAL,VAL,VAL,-,-,-,-,-,-,-,VAL,VAL,VAL,VAL,VAL
895,SER,-,-,SER,SER,SER,SER,SER,-,-,-,-,-,-,-,SER,SER,SER,SER,SER
896,CYS,-,-,CYS,CYS,CYS,CYS,CYS,-,-,-,-,-,-,-,CYS,CYS,CYS,CYS,CYS
897,ALA,-,-,ALA,ALA,ALA,ALA,ALA,-,-,-,-,-,-,-,ALA,ALA,ALA,ALA,ALA
898,ARG,-,-,ARG,ARG,ARG,ARG,ARG,-,-,-,-,-,-,-,ARG,ARG,ARG,ARG,ARG
899,LEU,-,-,LEU,LEU,LEU,LEU,LEU,-,-,-,-,-,-,-,LEU,LEU,LEU,LEU,LEU
900,ALA,-,-,ALA,ALA,ALA,ALA,ALA,-,-,-,-,-,-,-,ALA,ALA,ALA,ALA,ALA
901,GLU,-,-,GLU,GLU,GLU,GLU,GLU,-,-,-,-,-,-,-,GLU,GLU,GLU,GLU,GLU
902,MET,-,-,MET,MET,MET,MET,MET,-,-,-,-,-,-,-,MET,MET,MET,MET,MET
903,ARG,-,-,ARG,ARG,ARG,ARG,ARG,-,-,-,-,-,-,-,ARG,ARG,ARG,ARG,ARG
904,GLN,-,-,GLN,GLN,GLN,GLN,GLN,-,-,-,-,-,-,-,GLN,GLN,GLN,GLN,GLN
905,LYS,-,-,LYS,LYS,LYS,LYS,LYS,-,-,-,-,-,-,-,LYS,LYS,LYS,LYS,LYS
906,GLU,-,-,GLU,GLU,GLU,GLU,GLU,-,-,-,-,-,-,-,GLU,GLU,GLU,GLU,GLU
907,ILE,-,-,ILE,ILE,ILE,ILE,ILE,-,-,-,-,-,-,-,ILE,ILE,ILE,ILE,ILE
908,PRO,-,-,PRO,PRO,PRO,PRO,PRO,-,-,-,-,-,-,-,PRO,PRO,PRO,PRO,PRO
909,ARG,-,-,ARG,ARG,ARG,ARG,ARG,-,-,-,-,-,-,-,ARG,ARG,ARG,ARG,ARG
910,VAL,-,-,VAL,VAL,VAL,VAL,VAL,-,-,-,-,-,-,-,VAL,VAL,VAL,VAL,VAL
911,LEU,-,-,LEU,LEU,LEU,LEU,LEU,-,-,-,-,-,-,-,LEU,LEU,LEU,LEU,LEU
912,GLU,-,-,GLU,GLU,GLU,GLU,GLU,-,-,-,-,-,-,-,GLU,GLU,GLU,GLU,GLU
913,GLN,-,-,GLN,GLN,GLN,GLN,GLN,-,-,-,-,-,-,-,GLN,GLN,GLN,GLN,GLN
914,LEU,-,-,LEU,LEU,LEU,LEU,LEU,-,-,-,-,-,-,-,LEU,LEU,LEU,LEU,LEU
915,GLU,-,-,GLU,GLU,GLU,GLU,GLU,-,-,-,-,-,-,-,GLU,GLU,GLU,GLU,GLU
916,ASP,-,-,ASP,ASP,ASP,ASP,ASP,-,-,-,-,-,-,-,ASP,ASP,ASP,ASP,ASP
917,LEU,-,-,LEU,LEU,LEU,LEU,LEU,-,-,-,-,-,-,-,LEU,LEU,LEU,LEU,LEU
918,ASP,-,-,ASP,ASP,ASP,ASP,ASP,-,-,-,-,-,-,-,ASP,ASP,ASP,ASP,ASP
919,SER,-,-,SER,SER,SER,SER,SER,-,-,-,-,-,-,-,SER,SER,SER,SER,SER
920,ARG,-,-,ARG,ARG,ARG,ARG,ARG,-,-,-,-,-,-,-,ARG,ARG,ARG,ARG,ARG
921,VAL,-,-,VAL,VAL,VAL,VAL,VAL,-,-,-,-,-,-,-,VAL,VAL,VAL,VAL,VAL
922,LEU,-,-,LEU,LEU,LEU,LEU,LEU,-,-,-,-,-,-,-,LEU,LEU,LEU,LEU,LEU
923,TYR,-,-,TYR,TYR,TYR,TYR,TYR,-,-,-,-,-,-,-,TYR,TYR,TYR,TYR,TYR
924,TYR,-,-,TYR,TYR,TYR,TYR,TYR,-,-,-,-,-,-,-,TYR,TYR,TYR,TYR,TYR
925,SER,-,-,SER,SER,SER,SER,SER,-,-,-,-,-,-,-,SER,SER,SER,SER,SER
926,ALA,-,-,ALA,ALA,ALA,ALA,ALA,-,-,-,-,-,-,-,ALA,ALA,ALA,ALA,ALA
927,THR,-,-,THR,THR,THR,THR,THR,-,-,-,-,-,-,-,THR,THR,THR,THR,THR
928,LYS,-,-,LYS,LYS,LYS,LYS,LYS,-,-,-,-,-,-,-,LYS,LYS,LYS,LYS,LYS
929,ASN,-,-,ASN,ASN,ASN,ASN,ASN,-,-,-,-,-,-,-,ASN,ASN,ASN,ASN,ASN
930,GLY,-,-,GLY,GLY,GLY,GLY,GLY,-,-,-,-,-,-,-,GLY,GLY,GLY,GLY,GLY
931,ILE,-,-,ILE,ILE,ILE,ILE,ILE,-,-,-,-,-,-,-,ILE,ILE,ILE,ILE,ILE
932,LEU,-,-,LEU,LEU,LEU,LEU,LEU,-,-,-,-,-,-,-,LEU,LEU,LEU,LEU,LEU
933,TYR,-,-,TYR,TYR,TYR,TYR,TYR,-,-,-,-,-,-,-,TYR,TYR,TYR,TYR,TYR
934,ARG,-,-,ARG,ARG,ARG,ARG,ARG,-,-,-,-,-,-,-,ARG,ARG,ARG,ARG,ARG
935,VAL,-,-,VAL,VAL,VAL,VAL,VAL,-,-,-,-,-,-,-,VAL,VAL,VAL,VAL,VAL
936,GLY,-,-,GLY,GLY,GLY,GLY,GLY,-,-,-,-,-,-,-,GLY,GLY,GLY,GLY,GLY
937,ASP,-,-,ASP,ASP,ASP,ASP,ASP,-,-,-,-,-,-,-,ASP,ASP,ASP,ASP,ASP
938,GLY,-,-,GLY,GLY,GLY,GLY,GLY,-,-,-,-,-,-,-,GLY,GLY,GLY,GLY,GLY
939,VAL,-,-,VAL,VAL,VAL,VAL,VAL,-,-,-,-,-,-,-,VAL,VAL,VAL,VAL,VAL
940,TYR,-,-,TYR,TYR,TYR,TYR,TYR,-,-,-,-,-,-,-,TYR,TYR,TYR,TYR,TYR
941,LEU,-,-,LEU,LEU,LEU,LEU,LEU,-,-,-,-,-,-,-,LEU,LEU,LEU,LEU,LEU
942,PRO,-,-,PRO,PRO,PRO,PRO,PRO,-,-,-,-,-,-,-,PRO,PRO,PRO,PRO,PRO
943,PRO,-,-,PRO,PRO,PRO,PRO,PRO,-,-,-,-,-,-,-,PRO,PRO,PRO,PRO,PRO
944,GLU,-,-,GLU,GLU,GLU,GLU,GLU,-,-,-,-,-,-,-,GLU,GLU,GLU,GLU,GLU
945,ALA,-,-,ALA,ALA,ALA,ALA,ALA,-,-,-,-,-,-,-,ALA,ALA,ALA,ALA,ALA
946,PHE,-,-,PHE,PHE,PHE,PHE,PHE,-,-,-,-,-,-,-,PHE,PHE,PHE,PHE,PHE
947,THR,-,-,THR,THR,THR,THR,THR,-,-,-,-,-,-,-,THR,THR,THR,THR,THR
948,PHE,-,-,PHE,PHE,PHE,PHE,PHE,-,-,-,-,-,-,-,PHE,PHE,PHE,PHE,PHE
949,ASN,-,-,ASN,ASN,ASN,ASN,ASN,-,-,-,-,-,-,-,ASN,ASN,ASN,ASN,ASN
950,ILE,-,-,ILE,ILE,ILE,ILE,ILE,-,-,-,-,-,-,-,ILE,ILE,ILE,ILE,ILE
951,LYS,-,-,LYS,LYS,-,LYS,LYS,-,-,-,-,-,-,-,LYS,LYS,LYS,LYS,LYS
952,LEU,-,-,LEU,LEU,-,-,LEU,-,-,-,-,-,-,-,LEU,LEU,LEU,LEU,-
953,SER,-,-,SER,SER,-,-,-,-,-,-,-,-,-,-,SER,SER,SER,SER,-
954,SER,-,-,SER,SER,-,-,-,-,-,-,-,-,-,-,SER,SER,SER,SER,-
955,PRO,-,-,PRO,PRO,-,-,-,-,-,-,-,-,-,-,PRO,PRO,PRO,PRO,-
956,VAL,-,-,-,VAL,-,-,-,-,-,-,-,-,-,-,VAL,VAL,VAL,VAL,-
957,LYS,-,-,-,LYS,-,-,-,-,-,-,-,-,-,-,LYS,LYS,LYS,LYS,-
958,ARG,-,-,-,ARG,-,-,-,-,-,-,-,-,-,-,ARG,ARG,ARG,ARG,-
959,PRO,-,-,-,PRO,-,-,-,-,-,-,-,-,-,-,PRO,PRO,PRO,PRO,-
960,ARG,-,-,-,ARG,ARG,ARG,-,-,-,-,-,-,-,-,ARG,ARG,ARG,ARG,-
961,LYS,-,-,LYS,LYS,LYS,LYS,-,-,-,-,-,-,-,-,LYS,LYS,LYS,LYS,-
962,GLU,-,-,GLU,GLU,GLU,GLU,GLU,-,-,-,-,-,-,-,GLU,GLU,GLU,GLU,-
963,PRO,-,-,PRO,PRO,PRO,PRO,PRO,-,-,-,-,-,-,-,PRO,PRO,PRO,PRO,PRO
964,VAL,-,-,VAL,VAL,VAL,VAL,VAL,-,-,-,-,-,-,-,VAL,VAL,VAL,VAL,VAL
965,ASP,-,-,ASP,ASP,ASP,ASP,ASP,-,-,-,-,-,-,-,ASP,ASP,ASP,ASP,ASP
966,GLU,-,-,GLU,GLU,GLU,GLU,GLU,-,-,-,-,-,-,-,GLU,GLU,GLU,GLU,GLU
967,ASP,-,-,ASP,ASP,ASP,ASP,ASP,-,-,-,-,-,-,-,ASP,ASP,ASP,ASP,ASP
968,LEU,-,-,LEU,LEU,LEU,LEU,LEU,-,-,-,-,-,-,-,LEU,LEU,LEU,LEU,LEU
969,TYR,-,-,TYR,TYR,TYR,TYR,TYR,-,-,-,-,-,-,-,TYR,TYR,TYR,TYR,TYR
970,PRO,-,-,PRO,PRO,PRO,PRO,PRO,-,-,-,-,-,-,-,PRO,PRO,PRO,PRO,PRO
971,GLU,-,-,GLU,GLU,GLU,GLU,GLU,-,-,-,-,-,-,-,GLU,GLU,GLU,GLU,GLU
972,HIS,-,-,HIS,HIS,HIS,HIS,HIS,-,-,-,-,-,-,-,HIS,HIS,HIS,HIS,HIS
973,TYR,-,-,TYR,TYR,TYR,TYR,TYR,-,-,-,-,-,-,-,TYR,TYR,TYR,TYR,TYR
974,ARG,-,-,ARG,ARG,ARG,ARG,ARG,-,-,-,-,-,-,-,ARG,ARG,ARG,ARG,ARG
975,LYS,-,-,LYS,LYS,LYS,LYS,LYS,-,-,-,-,-,-,-,LYS,LYS,LYS,LYS,LYS
976,TYR,-,-,TYR,TYR,TYR,TYR,TYR,-,-,-,-,-,-,-,TYR,TYR,TYR,TYR,TYR
977,SER,-,-,SER,SER,-,SER,SER,-,-,-,-,-,-,-,SER,SER,SER,SER,SER
978,ASP,-,-,-,ASP,-,-,ASP,-,-,-,-,-,-,-,ASP,ASP,ASP,ASP,ASP
979,TYR,-,-,-,TYR,-,-,TYR,-,-,-,-,-,-,-,TYR,TYR,TYR,TYR,TYR
980,ILE,-,-,-,ILE,-,-,-,-,-,-,-,-,-,-,ILE,ILE,ILE,ILE,ILE
981,LYS,-,-,-,LYS,-,-,-,-,-,-,-,-,-,-,LYS,LYS,LYS,LYS,LYS
982,GLY,-,-,-,GLY,-,-,-,-,-,-,-,-,-,-,GLY,GLY,GLY,GLY,GLY
983,SER,-,-,-,SER,-,-,-,-,-,-,-,-,-,-,SER,SER,SER,SER,SER
984,ASN,-,-,ASN,ASN,-,-,ASN,-,-,-,-,-,-,-,ASN,ASN,ASN,ASN,ASN
985,LEU,-,-,LEU,LEU,LEU,LEU,LEU,-,-,-,-,-,-,-,LEU,LEU,LEU,LEU,LEU
986,ASP,-,-,ASP,ASP,ASP,ASP,ASP,-,-,-,-,-,-,-,ASP,ASP,ASP,ASP,ASP
987,ALA,-,-,ALA,ALA,ALA,ALA,ALA,-,-,-,-,-,-,-,ALA,ALA,ALA,ALA,ALA
988,PRO,-,-,PRO,PRO,PRO,PRO,PRO,-,-,-,-,-,-,-,PRO,PRO,PRO,PRO,PRO
989,GLU,-,-,GLU,GLU,GLU,GLU,GLU,-,-,-,-,-,-,-,GLU,GLU,GLU,GLU,GLU
990,PRO,-,-,PRO,PRO,PRO,PRO,PRO,-,-,-,-,-,-,-,PRO,PRO,PRO,PRO,PRO
991,TYR,-,-,TYR,TYR,TYR,TYR,TYR,-,-,-,-,-,-,-,TYR,TYR,TYR,TYR,TYR
992,ARG,-,-,ARG,ARG,ARG,ARG,ARG,-,-,-,-,-,-,-,ARG,ARG,ARG,ARG,ARG
993,ILE,-,-,ILE,ILE,ILE,ILE,ILE,-,-,-,-,-,-,-,ILE,ILE,ILE,ILE,ILE
994,GLY,-,-,GLY,GLY,GLY,GLY,GLY,-,-,-,-,-,-,-,GLY,GLY,GLY,GLY,GLY
995,ARG,-,-,ARG,ARG,ARG,ARG,ARG,-,-,-,-,-,-,-,ARG,ARG,ARG,ARG,ARG
996,ILE,-,-,ILE,ILE,ILE,ILE,ILE,-,-,-,-,-,-,-,ILE,ILE,ILE,ILE,ILE
997,LYS,-,-,LYS,LYS,LYS,LYS,LYS,-,-,-,-,-,-,-,LYS,LYS,LYS,LYS,LYS
998,GLU,-,-,GLU,GLU,GLU,GLU,GLU,-,-,-,-,-,-,-,GLU,GLU,GLU,GLU,GLU
999,ILE,-,-,ILE,ILE,ILE,ILE,ILE,-,-,-,-,-,-,-,ILE,ILE,ILE,ILE,ILE
1000,PHE,-,-,PHE,PHE,PHE,PHE,PHE,-,-,-,-,-,-,-,PHE,PHE,PHE,PHE,PHE
1001,CYS,-,-,CYS,CYS,CYS,CYS,CYS,-,-,-,-,-,-,-,CYS,CYS,CYS,CYS,CYS
1002,PRO,-,-,PRO,PRO,PRO,PRO,PRO,-,-,-,-,-,-,-,PRO,PRO,PRO,PRO,PRO
1003,LYS,-,-,LYS,LYS,LYS,LYS,LYS,-,-,-,-,-,-,-,LYS,LYS,LYS,LYS,LYS
1004,LYS,-,-,LYS,LYS,LYS,LYS,LYS,-,-,-,-,-,-,-,LYS,LYS,LYS,LYS,LYS
1005,SER,-,-,SER,SER,SER,SER,SER,-,-,-,-,-,-,-,SER,SER,SER,SER,SER
1006,ASN,-,-,ASN,ASN,ASN,ASN,ASN,-,-,-,-,-,-,-,ASN,ASN,ASN,ASN,ASN
1007,GLY,-,-,GLY,GLY,GLY,GLY,GLY,-,-,-,-,-,-,-,GLY,GLY,GLY,GLY,GLY
1008,ARG,-,-,ARG,ARG,ARG,ARG,ARG,-,-,-,-,-,-,-,ARG,ARG,ARG,ARG,ARG
1009,PRO,-,-,PRO,PRO,PRO,PRO,PRO,-,-,-,-,-,-,-,PRO,PRO,PRO,PRO,PRO
1010,ASN,-,-,ASN,ASN,ASN,ASN,ASN,-,-,-,-,-,-,-,ASN,ASN,ASN,ASN,ASN
1011,GLU,-,-,GLU,GLU,GLU,GLU,GLU,-,-,-,-,-,-,-,GLU,GLU,GLU,GLU,GLU
1012,THR,-,-,THR,THR,THR,THR,THR,-,-,-,-,-,-,-,THR,THR,THR,THR,THR
1013,ASP,-,-,ASP,ASP,ASP,ASP,ASP,-,-,-,-,-,-,-,ASP,ASP,ASP,ASP,ASP
1014,ILE,-,-,ILE,ILE,ILE,ILE,ILE,-,-,-,-,-,-,-,ILE,ILE,ILE,ILE,ILE
1015,LYS,-,-,LYS,LYS,LYS,LYS,LYS,-,-,-,-,-,-,-,LYS,LYS,LYS,LYS,LYS
1016,ILE,-,-,ILE,ILE,ILE,ILE,ILE,-,-,-,-,-,-,-,ILE,ILE,ILE,ILE,ILE
1017,ARG,-,-,ARG,ARG,ARG,ARG,ARG,-,-,-,-,-,-,-,ARG,ARG,ARG,ARG,ARG
1018,VAL,-,-,VAL,VAL,VAL,VAL,VAL,-,-,-,-,-,-,-,VAL,VAL,VAL,VAL,VAL
1019,ASN,-,-,ASN,ASN,ASN,ASN,ASN,-,-,-,-,-,-,-,ASN,ASN,ASN,ASN,ASN
1020,LYS,-,-,LYS,LYS,LYS,LYS,LYS,-,-,-,-,-,-,-,LYS,LYS,LYS,LYS,LYS
1021,PHE,-,-,PHE,PHE,PHE,PHE,PHE,-,-,-,-,-,-,-,PHE,PHE,PHE,PHE,PHE
1022,TYR,-,-,TYR,TYR,TYR,TYR,TYR,-,-,-,-,-,-,-,TYR,TYR,TYR,TYR,TYR
1023,ARG,-,-,ARG,ARG,ARG,ARG,ARG,-,-,-,-,-,-,-,ARG,ARG,ARG,ARG,ARG
1024,PRO,-,-,PRO,PRO,PRO,PRO,PRO,-,-,-,-,-,-,-,PRO,PRO,PRO,PRO,PRO
1025,GLU,-,-,GLU,GLU,GLU,GLU,GLU,-,-,-,-,-,-,-,GLU,GLU,GLU,GLU,GLU
1026,ASN,-,-,ASN,ASN,ASN,ASN,ASN,-,-,-,-,-,-,-,ASN,ASN,ASN,ASN,ASN
1027,THR,-,-,THR,THR,THR,THR,THR,-,-,-,-,-,-,-,THR,THR,THR,THR,THR
1028,HIS,-,-,HIS,HIS,HIS,HIS,HIS,-,-,-,-,-,-,-,HIS,HIS,HIS,HIS,HIS
1029,LYS,-,-,LYS,LYS,LYS,LYS,LYS,-,-,-,-,-,-,-,LYS,LYS,LYS,LYS,LYS
1030,SER,-,-,SER,SER,SER,SER,SER,-,-,-,-,-,-,-,SER,SER,SER,SER,SER
1031,THR,-,-,THR,THR,THR,THR,THR,-,-,-,-,-,-,-,THR,THR,THR,THR,THR
1032,PRO,-,-,PRO,PRO,PRO,PRO,PRO,-,-,-,-,-,-,-,PRO,PRO,PRO,PRO,PRO
1033,ALA,-,-,ALA,ALA,ALA,ALA,ALA,-,-,-,-,-,-,-,ALA,ALA,ALA,ALA,ALA
1034,SER,-,-,SER,SER,SER,SER,SER,-,-,-,-,-,-,-,SER,SER,SER,SER,SER
1035,TYR,-,-,TYR,TYR,TYR,TYR,TYR,-,-,-,-,-,-,-,TYR,TYR,TYR,TYR,TYR
1036,HIS,-,-,HIS,HIS,HIS,HIS,HIS,-,-,-,-,-,-,-,HIS,HIS,HIS,HIS,HIS
1037,ALA,-,-,ALA,ALA,ALA,ALA,ALA,-,-,-,-,-,-,-,ALA,ALA,ALA,ALA,ALA
1038,ASP,-,-,ASP,ASP,ASP,ASP,ASP,-,-,-,-,-,-,-,ASP,ASP,ASP,ASP,ASP
1039,ILE,-,-,ILE,ILE,ILE,ILE,ILE,-,-,-,-,-,-,-,ILE,ILE,ILE,ILE,ILE
1040,ASN,-,-,ASN,ASN,ASN,ASN,ASN,-,-,-,-,-,-,-,ASN,ASN,ASN,ASN,ASN
1041,LEU,-,-,LEU,LEU,LEU,LEU,LEU,-,-,-,-,-,-,-,LEU,LEU,LEU,LEU,LEU
1042,LEU,-,-,LEU,LEU,LEU,LEU,LEU,-,-,-,-,-,-,-,LEU,LEU,LEU,LEU,LEU
1043,TYR,-,-,TYR,TYR,TYR,TYR,TYR,-,-,-,-,-,-,-,TYR,TYR,TYR,TYR,TYR
1044,TRP,-,-,TRP,TRP,TRP,TRP,TRP,-,-,-,-,-,-,-,TRP,TRP,TRP,TRP,TRP
1045,SER,-,-,SER,SER,SER,SER,SER,-,-,-,-,-,-,-,SER,SER,SER,SER,SER
1046,ASP,-,-,ASP,ASP,ASP,ASP,ASP,-,-,-,-,-,-,-,ASP,ASP,ASP,ASP,ASP
1047,GLU,-,-,GLU,GLU,GLU,GLU,GLU,-,-,-,-,-,-,-,GLU,GLU,GLU,GLU,GLU
1048,GLU,-,-,GLU,GLU,GLU,GLU,GLU,-,-,-,-,-,-,-,GLU,GLU,GLU,GLU,GLU
1049,ALA,-,-,ALA,ALA,ALA,ALA,ALA,-,-,-,-,-,-,-,ALA,ALA,ALA,ALA,ALA
1050,VAL,-,-,VAL,VAL,VAL,VAL,VAL,-,-,-,-,-,-,-,VAL,VAL,VAL,VAL,VAL
1051,VAL,-,-,VAL,VAL,VAL,VAL,VAL,-,-,-,-,-,-,-,VAL,VAL,VAL,VAL,VAL
1052,ASP,-,-,ASP,ASP,ASP,ASP,ASP,-,-,-,-,-,-,-,ASP,ASP,ASP,ASP,ASP
1053,PHE,-,-,PHE,PHE,PHE,PHE,PHE,-,-,-,-,-,-,-,PHE,PHE,PHE,PHE,PHE
1054,LYS,-,-,LYS,LYS,LYS,LYS,LYS,-,-,-,-,-,-,-,LYS,LYS,LYS,LYS,LYS
1055,ALA,-,-,ALA,ALA,ALA,ALA,ALA,-,-,-,-,-,-,-,ALA,ALA,ALA,ALA,ALA
1056,VAL,-,-,VAL,VAL,VAL,VAL,VAL,-,-,-,-,-,-,-,VAL,VAL,VAL,VAL,VAL
1057,GLN,-,-,GLN,GLN,GLN,GLN,GLN,-,-,-,-,-,-,-,GLN,GLN,GLN,GLN,GLN
1058,GLY,-,-,GLY,GLY,GLY,GLY,GLY,-,-,-,-,-,-,-,GLY,GLY,GLY,GLY,GLY
1059,ARG,-,-,ARG,ARG,ARG,ARG,ARG,-,-,-,-,-,-,-,ARG,ARG,ARG,ARG,ARG
1060,CYS,-,-,CYS,CYS,CYS,CYS,CYS,-,-,-,-,-,-,-,CYS,CYS,CYS,CYS,CYS
1061,THR,-,-,THR,THR,THR,THR,THR,-,-,-,-,-,-,-,THR,THR,THR,THR,THR
1062,VAL,-,-,VAL,VAL,VAL,VAL,VAL,-,-,-,-,-,-,-,VAL,VAL,VAL,VAL,VAL
1063,GLU,-,-,GLU,GLU,GLU,GLU,GLU,-,-,-,-,-,-,-,GLU,GLU,GLU,GLU,GLU
1064,TYR,-,-,TYR,TYR,TYR,TYR,TYR,-,-,-,-,-,-,-,TYR,TYR,TYR,TYR,TYR
1065,GLY,-,-,GLY,GLY,GLY,GLY,GLY,-,-,-,-,-,-,-,GLY,GLY,GLY,GLY,GLY
1066,GLU,-,-,GLU,GLU,GLU,GLU,GLU,-,-,-,-,-,-,-,GLU,GLU,GLU,GLU,GLU
1067,ASP,-,-,ASP,ASP,ASP,ASP,ASP,-,-,-,-,-,-,-,ASP,ASP,ASP,ASP,ASP
1068,LEU,-,-,LEU,LEU,LEU,LEU,LEU,-,-,-,-,-,-,-,LEU,LEU,LEU,LEU,LEU
1069,PRO,-,-,PRO,PRO,PRO,PRO,PRO,-,-,-,-,-,-,-,PRO,PRO,PRO,PRO,PRO
1070,GLU,-,-,GLU,GLU,GLU,GLU,GLU,-,-,-,-,-,-,-,GLU,GLU,GLU,GLU,GLU
1071,CYS,-,-,CYS,CYS,CYS,CYS,CYS,-,-,-,-,-,-,-,CYS,CYS,CYS,CYS,CYS
1072,VAL,-,-,VAL,VAL,VAL,VAL,VAL,-,-,-,-,-,-,-,VAL,VAL,VAL,VAL,VAL
1073,GLN,-,-,GLN,GLN,GLN,GLN,GLN,-,-,-,-,-,-,-,GLN,GLN,GLN,GLN,GLN
1074,VAL,-,-,VAL,VAL,VAL,VAL,VAL,-,-,-,-,-,-,-,VAL,VAL,VAL,VAL,VAL
1075,TYR,-,-,TYR,TYR,TYR,TYR,TYR,-,-,-,-,-,-,-,TYR,TYR,TYR,TYR,TYR
1076,SER,-,-,SER,SER,SER,SER,SER,-,-,-,-,-,-,-,SER,SER,SER,SER,SER
1077,MET,-,-,MET,MET,MET,MET,MET,-,-,-,-,-,-,-,MET,MET,MET,MET,MET
1078,GLY,-,-,GLY,GLY,GLY,GLY,GLY,-,-,-,-,-,-,-,GLY,GLY,GLY,GLY,GLY
1079,GLY,-,-,GLY,GLY,GLY,GLY,GLY,-,-,-,-,-,-,-,GLY,GLY,GLY,GLY,GLY
1080,PRO,-,-,PRO,PRO,PRO,PRO,PRO,-,-,-,-,-,-,-,PRO,PRO,PRO,PRO,PRO
1081,ASN,-,-,ASN,ASN,ASN,ASN,ASN,-,-,-,-,-,-,-,ASN,ASN,ASN,ASN,ASN
1082,ARG,-,-,ARG,ARG,ARG,ARG,ARG,-,-,-,-,-,-,-,ARG,ARG,ARG,ARG,ARG
1083,PHE,-,-,PHE,PHE,PHE,PHE,PHE,-,-,-,-,-,-,-,PHE,PHE,PHE,PHE,PHE
1084,TYR,-,-,TYR,TYR,TYR,TYR,TYR,-,-,-,-,-,-,-,TYR,TYR,TYR,TYR,TYR
1085,PHE,-,-,PHE,PHE,PHE,PHE,PHE,-,-,-,-,-,-,-,PHE,PHE,PHE,PHE,PHE
1086,LEU,-,-,LEU,LEU,LEU,LEU,LEU,-,-,-,-,-,-,-,LEU,LEU,LEU,LEU,LEU
1087,GLU,-,-,GLU,GLU,GLU,GLU,GLU,-,-,-,-,-,-,-,GLU,GLU,GLU,GLU,GLU
1088,ALA,-,-,ALA,ALA,ALA,ALA,ALA,-,-,-,-,-,-,-,ALA,ALA,ALA,ALA,ALA
1089,TYR,-,-,TYR,TYR,TYR,TYR,TYR,-,-,-,-,-,-,-,TYR,TYR,TYR,TYR,TYR
1090,ASN,-,-,ASN,ASN,ASN,ASN,ASN,-,-,-,-,-,-,-,ASN,ASN,ASN,ASN,ASN
1091,ALA,-,-,ALA,ALA,ALA,ALA,ALA,-,-,-,-,-,-,-,ALA,ALA,ALA,ALA,ALA
1092,LYS,-,-,LYS,LYS,LYS,LYS,LYS,-,-,-,-,-,-,-,LYS,LYS,LYS,LYS,LYS
1093,SER,-,-,SER,SER,SER,SER,SER,-,-,-,-,-,-,-,SER,SER,SER,SER,SER
1094,LYS,-,-,LYS,LYS,LYS,LYS,LYS,-,-,-,-,-,-,-,LYS,LYS,LYS,LYS,LYS
1095,SER,-,-,SER,SER,SER,SER,SER,-,-,-,-,-,-,-,SER,SER,SER,SER,SER
1096,PHE,-,-,PHE,PHE,PHE,PHE,PHE,-,-,-,-,-,-,-,PHE,PHE,PHE,PHE,PHE
1097,GLU,-,-,GLU,GLU,GLU,GLU,GLU,-,-,-,-,-,-,-,GLU,GLU,GLU,GLU,GLU
1098,ASP,-,-,ASP,ASP,ASP,ASP,ASP,-,-,-,-,-,-,-,ASP,ASP,ASP,ASP,ASP
1099,PRO,-,-,PRO,PRO,PRO,PRO,PRO,-,-,-,-,-,-,-,PRO,PRO,PRO,PRO,PRO
1100,PRO,-,-,PRO,PRO,PRO,PRO,PRO,-,-,-,-,-,-,-,PRO,PRO,PRO,PRO,PRO
1101,ASN,-,-,ASN,ASN,ASN,ASN,ASN,-,-,-,-,-,-,-,ASN,ASN,ASN,ASN,ASN
1102,HIS,-,-,HIS,HIS,HIS,HIS,HIS,-,-,-,-,-,-,-,HIS,HIS,HIS,HIS,HIS
1103,ALA,-,-,ALA,ALA,ALA,ALA,ALA,-,-,-,-,-,-,-,ALA,ALA,ALA,ALA,ALA
1104,ARG,-,-,ARG,ARG,ARG,ARG,ARG,-,-,-,-,-,-,-,ARG,ARG,ARG,ARG,ARG
1105,SER,-,-,SER,SER,SER,SER,SER,-,-,-,-,-,-,-,SER,SER,SER,SER,-
1106,PRO,-,-,PRO,PRO,-,-,PRO,-,-,-,-,-,-,-,-,-,-,-,-
1107,GLY,-,-,GLY,-,-,-,GLY,-,-,-,-,-,-,-,-,-,-,-,-
1108,ASN,-,-,-,-,-,-,ASN,ASN,-,-,-,-,-,-,-,-,-,-,-
1109,LYS,-,-,-,-,-,-,LYS,LYS,-,-,-,-,-,-,-,-,-,-,-
1110,GLY,-,-,-,-,-,-,GLY,GLY,GLY,-,-,-,-,-,-,-,-,-,-
1111,LYS,-,-,-,-,-,-,LYS,LYS,LYS,-,-,-,-,-,-,-,-,-,-
1112,GLY,-,-,-,-,-,-,GLY,GLY,GLY,-,-,-,-,-,-,-,-,-,-
1113,LYS,-,-,-,-,-,-,LYS,LYS,LYS,-,-,-,-,-,-,-,-,-,-
1114,GLY,-,-,-,-,-,-,GLY,GLY,GLY,-,-,-,-,-,-,-,-,-,-
1115,LYS,-,-,-,-,-,-,LYS,LYS,GLN,-,-,-,-,-,-,-,-,-,-
1116,GLY,-,-,-,-,-,-,-,-,GLY,-,-,-,-,-,-,-,-,-,-
1117,LYS,-,-,-,-,-,-,-,-,LYS,-,-,-,-,-,-,-,-,-,-
1118,GLY,-,-,-,-,-,-,-,-,-,-,-,-,-,-,-,-,-,-,-
1119,LYS,-,-,-,-,-,-,-,-,-,-,-,-,-,-,-,-,-,-,-
1120,PRO,-,-,-,-,-,-,-,-,-,-,-,-,-,-,-,-,-,-,-
1121,LYS,-,-,-,-,-,-,-,-,-,-,-,-,-,-,-,-,-,-,-
1122,SER,-,-,-,-,-,-,-,-,-,-,-,-,-,-,-,-,-,-,-
1123,GLN,-,-,-,-,-,-,-,-,-,-,-,-,-,-,-,-,-,-,-
1124,ALA,-,-,-,-,-,-,-,-,-,-,-,-,-,-,-,-,-,-,-
1125,CYS,-,-,-,-,-,-,-,-,-,-,-,-,-,-,-,-,-,-,-
1126,GLU,-,-,-,-,-,-,-,-,-,-,-,-,-,-,-,-,-,-,-
1127,PRO,-,-,-,-,-,-,-,-,-,-,-,-,-,-,-,-,-,-,-
1128,SER,-,-,-,-,-,-,-,-,-,-,-,-,-,-,-,-,-,-,-
1129,GLU,-,-,-,GLU,-,-,-,-,-,-,-,-,-,-,-,-,-,-,-
1130,PRO,-,-,-,PRO,-,-,-,-,-,-,-,-,-,-,-,-,-,-,-
1131,GLU,-,-,-,GLU,-,-,-,-,-,-,-,-,-,-,-,-,-,-,-
1132,ILE,-,-,-,ILE,-,-,-,-,-,-,-,-,-,-,-,-,-,-,-
1133,GLU,-,-,-,GLU,-,-,GLU,-,-,-,-,-,-,-,-,-,-,-,-
1134,ILE,-,-,-,ILE,-,-,ILE,-,-,-,-,-,-,-,-,-,-,-,-
1135,LYS,-,-,LYS,LYS,LYS,LYS,LYS,-,-,-,-,-,-,-,LYS,LYS,LYS,LYS,LYS
1136,LEU,-,-,LEU,LEU,LEU,LEU,LEU,-,-,-,-,-,-,-,LEU,LEU,LEU,LEU,LEU
1137,PRO,-,-,PRO,PRO,PRO,PRO,PRO,-,-,-,-,-,-,-,PRO,PRO,PRO,PRO,PRO
1138,LYS,-,-,LYS,LYS,LYS,LYS,LYS,-,-,-,-,-,-,-,LYS,LYS,LYS,LYS,LYS
1139,LEU,-,-,LEU,LEU,LEU,LEU,LEU,-,-,-,-,-,-,-,LEU,LEU,LEU,LEU,LEU
1140,ARG,-,-,ARG,ARG,ARG,ARG,ARG,-,-,-,-,-,-,-,ARG,ARG,ARG,ARG,ARG
1141,THR,-,-,THR,THR,THR,THR,THR,-,-,-,-,-,-,-,THR,THR,THR,THR,THR
1142,LEU,-,-,LEU,LEU,LEU,LEU,LEU,-,-,-,-,-,-,-,LEU,LEU,LEU,LEU,LEU
1143,ASP,-,-,ASP,ASP,ASP,ASP,ASP,-,-,-,-,-,-,-,ASP,ASP,ASP,ASP,ASP
1144,VAL,-,-,VAL,VAL,VAL,VAL,VAL,-,-,-,-,-,-,-,VAL,VAL,VAL,VAL,VAL
1145,PHE,-,-,PHE,PHE,PHE,PHE,PHE,-,-,-,-,-,-,-,PHE,PHE,PHE,PHE,PHE
1146,SER,-,-,SER,SER,SER,SER,SER,-,-,-,-,-,-,-,SER,SER,SER,SER,SER
1147,GLY,-,-,GLY,GLY,GLY,GLY,GLY,-,-,-,-,-,-,-,GLY,GLY,GLY,GLY,GLY
1148,CYS,-,-,CYS,CYS,CYS,CYS,CYS,-,-,-,-,-,-,-,CYS,CYS,CYS,CYS,CYS
1149,GLY,-,-,GLY,GLY,GLY,GLY,GLY,-,-,-,-,-,-,-,GLY,GLY,GLY,GLY,GLY
1150,GLY,-,-,GLY,GLY,GLY,GLY,GLY,-,-,-,-,-,-,-,GLY,GLY,GLY,GLY,GLY
1151,LEU,-,-,LEU,LEU,LEU,LEU,LEU,-,-,-,-,-,-,-,LEU,LEU,LEU,LEU,LEU
1152,SER,-,-,SER,SER,SER,SER,SER,-,-,-,-,-,-,-,SER,SER,SER,SER,SER
1153,GLU,-,-,GLU,GLU,GLU,GLU,GLU,-,-,-,-,-,-,-,GLU,GLU,GLU,GLU,GLU
1154,GLY,-,-,GLY,GLY,GLY,GLY,GLY,-,-,-,-,-,-,-,GLY,GLY,GLY,GLY,GLY
1155,PHE,-,-,PHE,PHE,PHE,PHE,PHE,-,-,-,-,-,-,-,PHE,PHE,PHE,PHE,PHE
1156,HIS,-,-,HIS,HIS,HIS,HIS,HIS,-,-,-,-,-,-,-,HIS,HIS,HIS,HIS,HIS
1157,GLN,-,-,GLN,GLN,GLN,GLN,GLN,-,-,-,-,-,-,-,GLN,GLN,GLN,GLN,GLN
1158,ALA,-,-,ALA,ALA,ALA,ALA,ALA,-,-,-,-,-,-,-,ALA,ALA,ALA,ALA,ALA
1159,GLY,-,-,GLY,GLY,GLY,GLY,GLY,-,-,-,-,-,-,-,GLY,GLY,GLY,GLY,GLY
1160,ILE,-,-,ILE,ILE,ILE,ILE,ILE,-,-,-,-,-,-,-,ILE,ILE,ILE,ILE,ILE
1161,SER,-,-,SER,SER,SER,SER,SER,-,-,-,-,-,-,-,SER,SER,SER,SER,SER
1162,ASP,-,-,ASP,ASP,ASP,ASP,ASP,-,-,-,-,-,-,-,ASP,ASP,ASP,ASP,ASP
1163,THR,-,-,THR,THR,THR,THR,THR,-,-,-,-,-,-,-,THR,THR,THR,THR,THR
1164,LEU,-,-,LEU,LEU,LEU,LEU,LEU,-,-,-,-,-,-,-,LEU,LEU,LEU,LEU,LEU
1165,TRP,-,-,TRP,TRP,TRP,TRP,TRP,-,-,-,-,-,-,-,TRP,TRP,TRP,TRP,TRP
1166,ALA,-,-,ALA,ALA,ALA,ALA,ALA,-,-,-,-,-,-,-,ALA,ALA,ALA,ALA,ALA
1167,ILE,-,-,ILE,ILE,ILE,ILE,ILE,-,-,-,-,-,-,-,ILE,ILE,ILE,ILE,ILE
1168,GLU,-,-,GLU,GLU,GLU,GLU,GLU,-,-,-,-,-,-,-,GLU,GLU,GLU,GLU,GLU
1169,MET,-,-,MET,MET,MET,MET,MET,-,-,-,-,-,-,-,MET,MET,MET,MET,MET
1170,TRP,-,-,TRP,TRP,TRP,TRP,TRP,-,-,-,-,-,-,-,TRP,TRP,TRP,TRP,TRP
1171,ASP,-,-,ASP,ASP,ASP,ASP,ASP,-,-,-,-,-,-,-,ASP,ASP,ASP,ASP,ASP
1172,PRO,-,-,PRO,PRO,PRO,PRO,PRO,-,-,-,-,-,-,-,PRO,PRO,PRO,PRO,PRO
1173,ALA,-,-,ALA,ALA,ALA,ALA,ALA,-,-,-,-,-,-,-,ALA,ALA,ALA,ALA,ALA
1174,ALA,-,-,ALA,ALA,ALA,ALA,ALA,-,-,-,-,-,-,-,ALA,ALA,ALA,ALA,ALA
1175,GLN,-,-,GLN,GLN,GLN,GLN,GLN,-,-,-,-,-,-,-,GLN,GLN,GLN,GLN,GLN
1176,ALA,-,-,ALA,ALA,ALA,ALA,ALA,-,-,-,-,-,-,-,ALA,ALA,ALA,ALA,ALA
1177,PHE,-,-,PHE,PHE,PHE,PHE,PHE,-,-,-,-,-,-,-,PHE,PHE,PHE,PHE,PHE
1178,ARG,-,-,ARG,ARG,ARG,ARG,ARG,-,-,-,-,-,-,-,ARG,ARG,ARG,ARG,ARG
1179,LEU,-,-,LEU,LEU,LEU,LEU,LEU,-,-,-,-,-,-,-,LEU,LEU,LEU,LEU,LEU
1180,ASN,-,-,ASN,ASN,ASN,ASN,ASN,-,-,-,-,-,-,-,ASN,ASN,ASN,ASN,ASN
1181,ASN,-,-,ASN,ASN,ASN,ASN,ASN,-,-,-,-,-,-,-,ASN,ASN,ASN,ASN,ASN
1182,PRO,-,-,PRO,PRO,PRO,PRO,PRO,-,-,-,-,-,-,-,PRO,PRO,PRO,PRO,PRO
1183,GLY,-,-,GLY,GLY,GLY,GLY,GLY,-,-,-,-,-,-,-,GLY,GLY,GLY,GLY,GLY
1184,SER,-,-,SER,SER,SER,SER,SER,-,-,-,-,-,-,-,SER,SER,SER,SER,SER
1185,THR,-,-,THR,THR,THR,THR,THR,-,-,-,-,-,-,-,THR,THR,THR,THR,THR
1186,VAL,-,-,VAL,VAL,VAL,VAL,VAL,-,-,-,-,-,-,-,VAL,VAL,VAL,VAL,VAL
1187,PHE,-,-,PHE,PHE,PHE,PHE,PHE,-,-,-,-,-,-,-,PHE,PHE,PHE,PHE,PHE
1188,THR,-,-,THR,THR,THR,THR,THR,-,-,-,-,-,-,-,THR,THR,THR,THR,THR
1189,GLU,-,-,GLU,GLU,GLU,GLU,GLU,-,-,-,-,-,-,-,GLU,GLU,GLU,GLU,GLU
1190,ASP,-,-,ASP,ASP,ASP,ASP,ASP,-,-,-,-,-,-,-,ASP,ASP,ASP,ASP,ASP
1191,CYS,-,-,CYS,CYS,CYS,CYS,CYS,-,-,-,-,-,-,-,CYS,CYS,CYS,CYS,CYS
1192,ASN,-,-,ASN,ASN,ASN,ASN,ASN,-,-,-,-,-,-,-,ASN,ASN,ASN,ASN,ASN
1193,ILE,-,-,ILE,ILE,ILE,ILE,ILE,-,-,-,-,-,-,-,ILE,ILE,ILE,ILE,ILE
1194,LEU,-,-,LEU,LEU,LEU,LEU,LEU,-,-,-,-,-,-,-,LEU,LEU,LEU,LEU,LEU
1195,LEU,-,-,LEU,LEU,LEU,LEU,LEU,-,-,-,-,-,-,-,LEU,LEU,LEU,LEU,LEU
1196,LYS,-,-,LYS,LYS,LYS,LYS,LYS,-,-,-,-,-,-,-,LYS,LYS,LYS,LYS,LYS
1197,LEU,-,-,LEU,LEU,LEU,LEU,LEU,-,-,-,-,-,-,-,LEU,LEU,LEU,LEU,LEU
1198,VAL,-,-,VAL,VAL,VAL,VAL,VAL,-,-,-,-,-,-,-,VAL,VAL,VAL,VAL,VAL
1199,MET,-,-,MET,MET,MET,MET,MET,-,-,-,-,-,-,-,MET,MET,MET,MET,MET
1200,ALA,-,-,ALA,ALA,ALA,ALA,ALA,-,-,-,-,-,-,-,ALA,ALA,ALA,ALA,ALA
1201,GLY,-,-,GLY,GLY,GLY,GLY,GLY,-,-,-,-,-,-,-,GLY,GLY,GLY,GLY,GLY
1202,GLU,-,-,GLU,GLU,GLU,GLU,GLU,-,-,-,-,-,-,-,GLU,GLU,GLU,GLU,GLU
1203,THR,-,-,THR,THR,THR,THR,THR,-,-,-,-,-,-,-,THR,THR,THR,THR,THR
1204,THR,-,-,THR,THR,THR,THR,THR,-,-,-,-,-,-,-,THR,THR,THR,THR,THR
1205,ASN,-,-,ASN,ASN,ASN,ASN,ASN,-,-,-,-,-,-,-,ASN,ASN,ASN,ASN,ASN
1206,SER,-,-,SER,SER,SER,SER,SER,-,-,-,-,-,-,-,SER,SER,SER,SER,SER
1207,ARG,-,-,ARG,ARG,ARG,ARG,ARG,-,-,-,-,-,-,-,ARG,ARG,ARG,ARG,ARG
1208,GLY,-,-,GLY,GLY,GLY,GLY,GLY,-,-,-,-,-,-,-,GLY,GLY,GLY,GLY,GLY
1209,GLN,-,-,GLN,GLN,GLN,GLN,GLN,-,-,-,-,-,-,-,GLN,GLN,GLN,GLN,GLN
1210,ARG,-,-,ARG,ARG,ARG,ARG,ARG,-,-,-,-,-,-,-,ARG,ARG,ARG,ARG,ARG
1211,LEU,-,-,LEU,LEU,LEU,LEU,LEU,-,-,-,-,-,-,-,LEU,LEU,LEU,LEU,LEU
1212,PRO,-,-,PRO,PRO,PRO,PRO,PRO,-,-,-,-,-,-,-,PRO,PRO,PRO,PRO,PRO
1213,GLN,-,-,GLN,GLN,GLN,GLN,GLN,-,-,-,-,-,-,-,GLN,GLN,GLN,GLN,GLN
1214,LYS,-,-,LYS,LYS,LYS,LYS,LYS,-,-,-,-,-,-,-,LYS,LYS,LYS,LYS,LYS
1215,GLY,-,-,GLY,GLY,GLY,GLY,GLY,-,-,-,-,-,-,-,GLY,GLY,GLY,GLY,GLY
1216,ASP,-,-,ASP,ASP,ASP,ASP,ASP,-,-,-,-,-,-,-,ASP,ASP,ASP,ASP,ASP
1217,VAL,-,-,VAL,VAL,VAL,VAL,VAL,-,-,-,-,-,-,-,VAL,VAL,VAL,VAL,VAL
1218,GLU,-,-,GLU,GLU,GLU,GLU,GLU,-,-,-,-,-,-,-,GLU,GLU,GLU,GLU,GLU
1219,MET,-,-,MET,MET,MET,MET,MET,-,-,-,-,-,-,-,MET,MET,MET,MET,MET
1220,LEU,-,-,LEU,LEU,LEU,LEU,LEU,-,-,-,-,-,-,-,LEU,LEU,LEU,LEU,LEU
1221,CYS,-,-,CYS,CYS,CYS,CYS,CYS,-,-,-,-,-,-,-,CYS,CYS,CYS,CYS,CYS
1222,GLY,-,-,GLY,GLY,GLY,GLY,GLY,-,-,-,-,-,-,-,GLY,GLY,GLY,GLY,GLY
1223,GLY,-,-,GLY,GLY,GLY,GLY,GLY,-,-,-,-,-,-,-,GLY,GLY,GLY,GLY,GLY
1224,PRO,-,-,PRO,PRO,PRO,PRO,PRO,-,-,-,-,-,-,-,PRO,PRO,PRO,PRO,PRO
1225,PRO,-,-,PRO,PRO,PRO,PRO,PRO,-,-,-,-,-,-,-,PRO,PRO,PRO,PRO,PRO
1226,CYS,-,-,CYS,CYS,CYS,CYS,CYS,-,-,-,-,-,-,-,CYS,CYS,CYS,CYS,CYS
1227,GLN,-,-,GLN,GLN,GLN,GLN,GLN,-,-,-,-,-,-,-,GLN,GLN,GLN,GLN,GLN
1228,GLY,-,-,GLY,GLY,GLY,GLY,GLY,-,-,-,-,-,-,-,GLY,GLY,GLY,GLY,GLY
1229,PHE,-,-,PHE,PHE,PHE,PHE,PHE,-,-,-,-,-,-,-,PHE,PHE,PHE,PHE,PHE
1230,SER,-,-,SER,SER,SER,SER,SER,-,-,-,-,-,-,-,SER,SER,SER,SER,SER
1231,GLY,-,-,GLY,GLY,GLY,GLY,GLY,-,-,-,-,-,-,-,GLY,GLY,GLY,GLY,GLY
1232,MET,-,-,MET,MET,MET,MET,MET,-,-,-,-,-,-,-,MET,MET,MET,MET,MET
1233,ASN,-,-,ASN,ASN,ASN,ASN,ASN,-,-,-,-,-,-,-,ASN,ASN,ASN,ASN,ASN
1234,ARG,-,-,ARG,ARG,ARG,ARG,ARG,-,-,-,-,-,-,-,ARG,ARG,ARG,ARG,ARG
1235,PHE,-,-,PHE,PHE,PHE,PHE,PHE,-,-,-,-,-,-,-,PHE,PHE,PHE,PHE,PHE
1236,ASN,-,-,ASN,ASN,ASN,ASN,ASN,-,-,-,-,-,-,-,ASN,ASN,ASN,ASN,ASN
1237,SER,-,-,SER,SER,SER,SER,SER,-,-,-,-,-,-,-,SER,SER,SER,SER,SER
1238,ARG,-,-,ARG,ARG,ARG,ARG,ARG,-,-,-,-,-,-,-,ARG,ARG,ARG,ARG,ARG
1239,THR,-,-,THR,THR,THR,THR,THR,-,-,-,-,-,-,-,THR,THR,THR,THR,THR
1240,TYR,-,-,TYR,TYR,TYR,TYR,TYR,-,-,-,-,-,-,-,TYR,TYR,TYR,TYR,TYR
1241,SER,-,-,SER,SER,SER,SER,SER,-,-,-,-,-,-,-,SER,SER,SER,SER,SER
1242,LYS,-,-,LYS,LYS,LYS,LYS,LYS,-,-,-,-,-,-,-,LYS,LYS,LYS,LYS,LYS
1243,PHE,-,-,PHE,PHE,PHE,PHE,PHE,-,-,-,-,-,-,-,PHE,PHE,PHE,PHE,PHE
1244,LYS,-,-,LYS,LYS,LYS,LYS,LYS,-,-,-,-,-,-,-,LYS,LYS,LYS,LYS,LYS
1245,ASN,-,-,ASN,ASN,ASN,ASN,ASN,-,-,-,-,-,-,-,ASN,ASN,ASN,ASN,ASN
1246,SER,-,-,SER,SER,SER,SER,SER,-,-,-,-,-,-,-,SER,SER,SER,SER,SER
1247,LEU,-,-,LEU,LEU,LEU,LEU,LEU,-,-,-,-,-,-,-,LEU,LEU,LEU,LEU,LEU
1248,VAL,-,-,VAL,VAL,VAL,VAL,VAL,-,-,-,-,-,-,-,VAL,VAL,VAL,VAL,VAL
1249,VAL,-,-,VAL,VAL,VAL,VAL,VAL,-,-,-,-,-,-,-,VAL,VAL,VAL,VAL,VAL
1250,SER,-,-,SER,SER,SER,SER,SER,-,-,-,-,-,-,-,SER,SER,SER,SER,SER
1251,PHE,-,-,PHE,PHE,PHE,PHE,PHE,-,-,-,-,-,-,-,PHE,PHE,PHE,PHE,PHE
1252,LEU,-,-,LEU,LEU,LEU,LEU,LEU,-,-,-,-,-,-,-,LEU,LEU,LEU,LEU,LEU
1253,SER,-,-,SER,SER,SER,SER,SER,-,-,-,-,-,-,-,SER,SER,SER,SER,SER
1254,TYR,-,-,TYR,TYR,TYR,TYR,TYR,-,-,-,-,-,-,-,TYR,TYR,TYR,TYR,TYR
1255,CYS,-,-,CYS,CYS,CYS,CYS,CYS,-,-,-,-,-,-,-,CYS,CYS,CYS,CYS,CYS
1256,ASP,-,-,ASP,ASP,ASP,ASP,ASP,-,-,-,-,-,-,-,ASP,ASP,ASP,ASP,ASP
1257,TYR,-,-,TYR,TYR,TYR,TYR,TYR,-,-,-,-,-,-,-,TYR,TYR,TYR,TYR,TYR
1258,TYR,-,-,TYR,TYR,TYR,TYR,TYR,-,-,-,-,-,-,-,TYR,TYR,TYR,TYR,TYR
1259,ARG,-,-,ARG,ARG,ARG,ARG,ARG,-,-,-,-,-,-,-,ARG,ARG,ARG,ARG,ARG
1260,PRO,-,-,PRO,PRO,PRO,PRO,PRO,-,-,-,-,-,-,-,PRO,PRO,PRO,PRO,PRO
1261,ARG,-,-,ARG,ARG,ARG,ARG,ARG,-,-,-,-,-,-,-,ARG,ARG,ARG,ARG,ARG
1262,PHE,-,-,PHE,PHE,PHE,PHE,PHE,-,-,-,-,-,-,-,PHE,PHE,PHE,PHE,PHE
1263,PHE,-,-,PHE,PHE,PHE,PHE,PHE,-,-,-,-,-,-,-,PHE,PHE,PHE,PHE,PHE
1264,LEU,-,-,LEU,LEU,LEU,LEU,LEU,-,-,-,-,-,-,-,LEU,LEU,LEU,LEU,LEU
1265,LEU,-,-,LEU,LEU,LEU,LEU,LEU,-,-,-,-,-,-,-,LEU,LEU,LEU,LEU,LEU
1266,GLU,-,-,GLU,GLU,GLU,GLU,GLU,-,-,-,-,-,-,-,GLU,GLU,GLU,GLU,GLU
1267,ASN,-,-,ASN,ASN,ASN,ASN,ASN,-,-,-,-,-,-,-,ASN,ASN,ASN,ASN,ASN
1268,VAL,-,-,VAL,VAL,VAL,VAL,VAL,-,-,-,-,-,-,-,VAL,VAL,VAL,VAL,VAL
1269,ARG,-,-,ARG,ARG,ARG,ARG,ARG,-,-,-,-,-,-,-,ARG,ARG,ARG,ARG,ARG
1270,ASN,-,-,ASN,ASN,ASN,ASN,ASN,-,-,-,-,-,-,-,ASN,ASN,ASN,ASN,ASN
1271,PHE,-,-,PHE,PHE,PHE,PHE,PHE,-,-,-,-,-,-,-,PHE,PHE,PHE,PHE,PHE
1272,VAL,-,-,VAL,VAL,VAL,VAL,VAL,-,-,-,-,-,-,-,VAL,VAL,VAL,VAL,VAL
1273,SER,-,-,SER,SER,SER,SER,SER,-,-,-,-,-,-,-,SER,SER,SER,SER,SER
1274,PHE,-,-,PHE,PHE,PHE,PHE,PHE,-,-,-,-,-,-,-,PHE,PHE,PHE,PHE,PHE
1275,LYS,-,-,LYS,LYS,LYS,LYS,LYS,-,-,-,-,-,-,-,LYS,LYS,LYS,LYS,LYS
1276,ARG,-,-,ARG,ARG,ARG,ARG,ARG,-,-,-,-,-,-,-,ARG,ARG,ARG,ARG,ARG
1277,SER,-,-,SER,SER,SER,SER,SER,-,-,-,-,-,-,-,SER,SER,SER,SER,SER
1278,MET,-,-,MET,MET,MET,MET,MET,-,-,-,-,-,-,-,MET,MET,MET,MET,MET
1279,VAL,-,-,VAL,VAL,VAL,VAL,VAL,-,-,-,-,-,-,-,VAL,VAL,VAL,VAL,VAL
1280,LEU,-,-,LEU,LEU,LEU,LEU,LEU,-,-,-,-,-,-,-,LEU,LEU,LEU,LEU,LEU
1281,LYS,-,-,LYS,LYS,LYS,LYS,LYS,-,-,-,-,-,-,-,LYS,LYS,LYS,LYS,LYS
1282,LEU,-,-,LEU,LEU,LEU,LEU,LEU,-,-,-,-,-,-,-,LEU,LEU,LEU,LEU,LEU
1283,THR,-,-,THR,THR,THR,THR,THR,-,-,-,-,-,-,-,THR,THR,THR,THR,THR
1284,LEU,-,-,LEU,LEU,LEU,LEU,LEU,-,-,-,-,-,-,-,LEU,LEU,LEU,LEU,LEU
1285,ARG,-,-,ARG,ARG,ARG,ARG,ARG,-,-,-,-,-,-,-,ARG,ARG,ARG,ARG,ARG
1286,CYS,-,-,CYS,CYS,CYS,CYS,CYS,-,-,-,-,-,-,-,CYS,CYS,CYS,CYS,CYS
1287,LEU,-,-,LEU,LEU,LEU,LEU,LEU,-,-,-,-,-,-,-,LEU,LEU,LEU,LEU,LEU
1288,VAL,-,-,VAL,VAL,VAL,VAL,VAL,-,-,-,-,-,-,-,VAL,VAL,VAL,VAL,VAL
1289,ARG,-,-,ARG,ARG,ARG,ARG,ARG,-,-,-,-,-,-,-,ARG,ARG,ARG,ARG,ARG
1290,MET,-,-,MET,MET,MET,MET,MET,-,-,-,-,-,-,-,MET,MET,MET,MET,MET
1291,GLY,-,-,GLY,GLY,GLY,GLY,GLY,-,-,-,-,-,-,-,GLY,GLY,GLY,GLY,GLY
1292,TYR,-,-,TYR,TYR,TYR,TYR,TYR,-,-,-,-,-,-,-,TYR,TYR,TYR,TYR,TYR
1293,GLN,-,-,GLN,GLN,GLN,GLN,GLN,-,-,-,-,-,-,-,GLN,GLN,GLN,GLN,GLN
1294,CYS,-,-,CYS,CYS,CYS,CYS,CYS,-,-,-,-,-,-,-,CYS,CYS,CYS,CYS,CYS
1295,THR,-,-,THR,THR,THR,THR,THR,-,-,-,-,-,-,-,THR,THR,THR,THR,THR
1296,PHE,-,-,PHE,PHE,PHE,PHE,PHE,-,-,-,-,-,-,-,PHE,PHE,PHE,PHE,PHE
1297,GLY,-,-,GLY,GLY,GLY,GLY,GLY,-,-,-,-,-,-,-,GLY,GLY,GLY,GLY,GLY
1298,VAL,-,-,VAL,VAL,VAL,VAL,VAL,-,-,-,-,-,-,-,VAL,VAL,VAL,VAL,VAL
1299,LEU,-,-,LEU,LEU,LEU,LEU,LEU,-,-,-,-,-,-,-,LEU,LEU,LEU,LEU,LEU
1300,GLN,-,-,GLN,GLN,GLN,GLN,GLN,-,-,-,-,-,-,-,GLN,GLN,GLN,GLN,GLN
1301,ALA,-,-,ALA,ALA,ALA,ALA,ALA,-,-,-,-,-,-,-,ALA,ALA,ALA,ALA,ALA
1302,GLY,-,-,GLY,GLY,GLY,GLY,GLY,-,-,-,-,-,-,-,GLY,GLY,GLY,GLY,GLY
1303,GLN,-,-,GLN,GLN,GLN,GLN,GLN,-,-,-,-,-,-,-,GLN,GLN,GLN,GLN,GLN
1304,TYR,-,-,TYR,TYR,TYR,TYR,TYR,-,-,-,-,-,-,-,TYR,TYR,TYR,TYR,TYR
1305,GLY,-,-,GLY,GLY,GLY,GLY,GLY,-,-,-,-,-,-,-,GLY,GLY,GLY,GLY,GLY
1306,VAL,-,-,VAL,VAL,VAL,VAL,VAL,-,-,-,-,-,-,-,VAL,VAL,VAL,VAL,VAL
1307,ALA,-,-,ALA,ALA,ALA,ALA,ALA,-,-,-,-,-,-,-,ALA,ALA,ALA,ALA,ALA
1308,GLN,-,-,GLN,GLN,GLN,GLN,GLN,-,-,-,-,-,-,-,GLN,GLN,GLN,GLN,GLN
1309,THR,-,-,THR,THR,THR,THR,THR,-,-,-,-,-,-,-,THR,THR,THR,THR,THR
1310,ARG,-,-,ARG,ARG,ARG,ARG,ARG,-,-,-,-,-,-,-,ARG,ARG,ARG,ARG,ARG
1311,ARG,-,-,ARG,ARG,ARG,ARG,ARG,-,-,-,-,-,-,-,ARG,ARG,ARG,ARG,ARG
1312,ARG,-,-,ARG,ARG,ARG,ARG,ARG,-,-,-,-,-,-,-,ARG,ARG,ARG,ARG,ARG
1313,ALA,-,-,ALA,ALA,ALA,ALA,ALA,-,-,-,-,-,-,-,ALA,ALA,ALA,ALA,ALA
1314,ILE,-,-,ILE,ILE,ILE,ILE,ILE,-,-,-,-,-,-,-,ILE,ILE,ILE,ILE,ILE
1315,ILE,-,-,ILE,ILE,ILE,ILE,ILE,-,-,-,-,-,-,-,ILE,ILE,ILE,ILE,ILE
1316,LEU,-,-,LEU,LEU,LEU,LEU,LEU,-,-,-,-,-,-,-,LEU,LEU,LEU,LEU,LEU
1317,ALA,-,-,ALA,ALA,ALA,ALA,ALA,-,-,-,-,-,-,-,ALA,ALA,ALA,ALA,ALA
1318,ALA,-,-,ALA,ALA,ALA,ALA,ALA,-,-,-,-,-,-,-,ALA,ALA,ALA,ALA,ALA
1319,ALA,-,-,ALA,ALA,ALA,ALA,ALA,-,-,-,-,-,-,-,ALA,ALA,ALA,ALA,ALA
1320,PRO,-,-,PRO,PRO,PRO,PRO,PRO,-,-,-,-,-,-,-,PRO,PRO,PRO,PRO,PRO
1321,GLY,-,-,GLY,GLY,GLY,GLY,GLY,-,-,-,-,-,-,-,GLY,GLY,GLY,GLY,GLY
1322,GLU,-,-,GLU,GLU,GLU,GLU,GLU,-,-,-,-,-,-,-,GLU,GLU,GLU,GLU,GLU
1323,LYS,-,-,LYS,LYS,LYS,LYS,LYS,-,-,-,-,-,-,-,LYS,LYS,LYS,LYS,LYS
1324,LEU,-,-,LEU,LEU,LEU,LEU,LEU,-,-,-,-,-,-,-,LEU,LEU,LEU,LEU,LEU
1325,PRO,-,-,PRO,PRO,PRO,PRO,PRO,-,-,-,-,-,-,-,PRO,PRO,PRO,PRO,PRO
1326,LEU,-,-,LEU,LEU,LEU,LEU,LEU,-,-,-,-,-,-,-,LEU,LEU,LEU,LEU,LEU
1327,PHE,-,-,PHE,PHE,PHE,PHE,PHE,-,-,-,-,-,-,-,PHE,PHE,PHE,PHE,PHE
1328,PRO,-,-,PRO,PRO,PRO,PRO,PRO,-,-,-,-,-,-,-,PRO,PRO,PRO,PRO,PRO
1329,GLU,-,-,GLU,GLU,GLU,GLU,GLU,-,-,-,-,-,-,-,GLU,GLU,GLU,GLU,GLU
1330,PRO,-,-,PRO,PRO,PRO,PRO,PRO,-,-,-,-,-,-,-,PRO,PRO,PRO,PRO,PRO
1331,LEU,-,-,LEU,LEU,LEU,LEU,LEU,-,-,-,-,-,-,-,LEU,LEU,LEU,LEU,LEU
1332,HIS,-,-,HIS,HIS,HIS,HIS,HIS,-,-,-,-,-,-,-,HIS,HIS,HIS,HIS,HIS
1333,VAL,-,-,VAL,VAL,VAL,VAL,VAL,-,-,-,-,-,-,-,VAL,VAL,VAL,VAL,VAL
1334,PHE,-,-,PHE,PHE,PHE,PHE,PHE,-,-,-,-,-,-,-,PHE,PHE,PHE,PHE,PHE
1335,ALA,-,-,ALA,ALA,ALA,ALA,ALA,-,-,-,-,-,-,-,ALA,ALA,ALA,ALA,ALA
1336,PRO,-,-,PRO,PRO,PRO,PRO,PRO,-,-,-,-,-,-,-,PRO,PRO,PRO,PRO,PRO
1337,ARG,-,-,ARG,ARG,ARG,ARG,ARG,-,-,-,-,-,-,-,ARG,ARG,ARG,ARG,ARG
1338,ALA,-,-,ALA,ALA,ALA,ALA,ALA,-,-,-,-,-,-,-,ALA,ALA,ALA,ALA,ALA
1339,CYS,-,-,CYS,CYS,CYS,CYS,CYS,-,-,-,-,-,-,-,CYS,CYS,CYS,CYS,CYS
1340,GLN,-,-,GLN,GLN,GLN,GLN,GLN,-,-,-,-,-,-,-,GLN,GLN,GLN,GLN,GLN
1341,LEU,-,-,LEU,LEU,LEU,LEU,LEU,-,-,-,-,-,-,-,LEU,LEU,LEU,LEU,LEU
1342,SER,-,-,SER,SER,SER,SER,SER,-,-,-,-,-,-,-,SER,SER,SER,SER,SER
1343,VAL,-,-,VAL,VAL,VAL,VAL,VAL,-,-,-,-,-,-,-,VAL,VAL,VAL,VAL,VAL
1344,VAL,-,-,VAL,VAL,VAL,VAL,VAL,-,-,-,-,-,-,-,VAL,VAL,VAL,VAL,VAL
1345,VAL,-,-,VAL,VAL,VAL,VAL,VAL,-,-,-,-,-,-,-,VAL,VAL,VAL,VAL,VAL
1346,ASP,-,-,ASP,ASP,ASP,ASP,ASP,-,-,-,-,-,-,-,ASP,ASP,ASP,ASP,ASP
1347,ASP,-,-,ASP,ASP,ASP,ASP,ASP,-,-,-,-,-,-,-,ASP,ASP,ASP,ASP,ASP
1348,LYS,-,-,LYS,LYS,LYS,LYS,LYS,-,-,-,-,-,-,-,LYS,LYS,LYS,LYS,LYS
1349,LYS,-,-,LYS,LYS,LYS,LYS,LYS,-,-,-,-,-,-,-,LYS,LYS,LYS,LYS,LYS
1350,PHE,-,-,PHE,PHE,PHE,PHE,PHE,-,-,-,-,-,-,-,PHE,PHE,PHE,PHE,PHE
1351,VAL,-,-,VAL,VAL,VAL,VAL,VAL,-,-,-,-,-,-,-,VAL,VAL,VAL,VAL,VAL
1352,SER,-,-,SER,SER,SER,SER,SER,-,-,-,-,-,-,-,SER,SER,SER,SER,SER
1353,ASN,-,-,ASN,ASN,ASN,ASN,ASN,-,-,-,-,-,-,-,ASN,ASN,ASN,ASN,ASN
1354,ILE,-,-,ILE,ILE,ILE,ILE,ILE,-,-,-,-,-,-,-,ILE,ILE,ILE,ILE,ILE
1355,THR,-,-,THR,THR,THR,THR,THR,-,-,-,-,-,-,-,THR,THR,THR,THR,THR
1356,ARG,-,-,ARG,ARG,ARG,ARG,ARG,-,-,-,-,-,-,-,ARG,ARG,ARG,ARG,ARG
1357,LEU,-,-,LEU,LEU,LEU,LEU,LEU,-,-,-,-,-,-,-,LEU,LEU,LEU,LEU,LEU
1358,SER,-,-,SER,SER,SER,SER,SER,-,-,-,-,-,-,-,SER,SER,SER,SER,SER
1359,SER,-,-,SER,SER,SER,SER,SER,-,-,-,-,-,-,-,SER,SER,SER,SER,SER
1360,GLY,-,-,GLY,GLY,GLY,GLY,GLY,-,-,-,-,-,-,-,GLY,GLY,GLY,GLY,GLY
1361,PRO,-,-,PRO,PRO,PRO,PRO,PRO,-,-,-,-,-,-,-,PRO,PRO,PRO,PRO,PRO
1362,PHE,-,-,PHE,PHE,PHE,PHE,PHE,-,-,-,-,-,-,-,PHE,PHE,PHE,PHE,PHE
1363,ARG,-,-,ARG,ARG,ARG,ARG,ARG,-,-,-,-,-,-,-,ARG,ARG,ARG,ARG,ARG
1364,THR,-,-,THR,THR,THR,THR,THR,-,-,-,-,-,-,-,THR,THR,THR,THR,THR
1365,ILE,-,-,ILE,ILE,ILE,ILE,ILE,-,-,-,-,-,-,-,ILE,ILE,ILE,ILE,ILE
1366,THR,-,-,THR,THR,THR,THR,THR,-,-,-,-,-,-,-,THR,THR,THR,THR,THR
1367,VAL,-,-,VAL,VAL,VAL,VAL,VAL,-,-,-,-,-,-,-,VAL,VAL,VAL,VAL,VAL
1368,ARG,-,-,ARG,ARG,ARG,ARG,ARG,-,-,-,-,-,-,-,ARG,ARG,ARG,ARG,ARG
1369,ASP,-,-,ASP,ASP,ASP,ASP,ASP,-,-,-,-,-,-,-,ASP,ASP,ASP,ASP,ASP
1370,THR,-,-,THR,THR,THR,THR,THR,-,-,-,-,-,-,-,THR,THR,THR,THR,THR
1371,MET,-,-,MET,MET,MET,MET,MET,-,-,-,-,-,-,-,MET,MET,MET,MET,MET
1372,SER,-,-,SER,SER,SER,SER,SER,-,-,-,-,-,-,-,SER,SER,SER,SER,SER
1373,ASP,-,-,ASP,ASP,ASP,ASP,ASP,-,-,-,-,-,-,-,ASP,ASP,ASP,ASP,ASP
1374,LEU,-,-,LEU,LEU,LEU,LEU,LEU,-,-,-,-,-,-,-,LEU,LEU,LEU,LEU,LEU
1375,PRO,-,-,PRO,PRO,PRO,PRO,PRO,-,-,-,-,-,-,-,PRO,PRO,PRO,PRO,PRO
1376,GLU,-,-,GLU,GLU,GLU,GLU,GLU,-,-,-,-,-,-,-,GLU,GLU,GLU,GLU,GLU
1377,VAL,-,-,VAL,VAL,VAL,VAL,VAL,-,-,-,-,-,-,-,VAL,VAL,VAL,VAL,VAL
1378,ARG,-,-,ARG,ARG,ARG,ARG,ARG,-,-,-,-,-,-,-,ARG,ARG,ARG,ARG,ARG
1379,ASN,-,-,ASN,ASN,ASN,ASN,ASN,-,-,-,-,-,-,-,ASN,ASN,ASN,ASN,ASN
1380,GLY,-,-,GLY,GLY,GLY,GLY,GLY,-,-,-,-,-,-,-,GLY,GLY,GLY,GLY,GLY
1381,ALA,-,-,ALA,ALA,ALA,ALA,ALA,-,-,-,-,-,-,-,ALA,ALA,ALA,ALA,ALA
1382,SER,-,-,SER,SER,SER,SER,SER,-,-,-,-,-,-,-,SER,SER,SER,SER,SER
1383,ALA,-,-,ALA,ALA,ALA,ALA,ALA,-,-,-,-,-,-,-,ALA,ALA,ALA,ALA,ALA
1384,LEU,-,-,LEU,LEU,LEU,LEU,LEU,-,-,-,-,-,-,-,LEU,LEU,LEU,LEU,LEU
1385,GLU,-,-,GLU,GLU,GLU,GLU,GLU,-,-,-,-,-,-,-,GLU,GLU,GLU,GLU,GLU
1386,ILE,-,-,ILE,ILE,ILE,ILE,ILE,-,-,-,-,-,-,-,ILE,ILE,ILE,ILE,ILE
1387,SER,-,-,SER,SER,SER,SER,SER,-,-,-,-,-,-,-,SER,SER,SER,SER,SER
1388,TYR,-,-,TYR,TYR,TYR,TYR,TYR,-,-,-,-,-,-,-,TYR,TYR,TYR,TYR,TYR
1389,ASN,-,-,ASN,ASN,ASN,ASN,ASN,-,-,-,-,-,-,-,ASN,ASN,ASN,ASN,ASN
1390,GLY,-,-,GLY,GLY,GLY,GLY,GLY,-,-,-,-,-,-,-,GLY,GLY,GLY,GLY,GLY
1391,GLU,-,-,GLU,GLU,GLU,GLU,GLU,-,-,-,-,-,-,-,GLU,GLU,GLU,GLU,GLU
1392,PRO,-,-,PRO,PRO,PRO,PRO,PRO,-,-,-,-,-,-,-,PRO,PRO,PRO,PRO,PRO
1393,GLN,-,-,GLN,GLN,GLN,GLN,GLN,-,-,-,-,-,-,-,GLN,GLN,GLN,GLN,GLN
1394,SER,-,-,SER,SER,SER,SER,SER,-,-,-,-,-,-,-,SER,SER,SER,SER,SER
1395,TRP,-,-,TRP,TRP,TRP,TRP,TRP,-,-,-,-,-,-,-,TRP,TRP,TRP,TRP,TRP
1396,PHE,-,-,PHE,PHE,PHE,PHE,PHE,-,-,-,-,-,-,-,PHE,PHE,PHE,PHE,PHE
1397,GLN,-,-,GLN,GLN,GLN,GLN,GLN,-,-,-,-,-,-,-,GLN,GLN,GLN,GLN,GLN
1398,ARG,-,-,ARG,ARG,ARG,ARG,ARG,-,-,-,-,-,-,-,ARG,ARG,ARG,ARG,ARG
1399,GLN,-,-,GLN,GLN,GLN,GLN,GLN,-,-,-,-,-,-,-,GLN,GLN,GLN,GLN,GLN
1400,LEU,-,-,LEU,LEU,LEU,LEU,LEU,-,-,-,-,-,-,-,LEU,LEU,LEU,LEU,LEU
1401,ARG,-,-,ARG,ARG,ARG,ARG,ARG,-,-,-,-,-,-,-,ARG,ARG,ARG,ARG,ARG
1402,GLY,-,-,GLY,GLY,GLY,GLY,GLY,-,-,-,-,-,-,-,GLY,GLY,GLY,GLY,GLY
1403,ALA,-,-,ALA,ALA,ALA,ALA,ALA,-,-,-,-,-,-,-,ALA,ALA,ALA,ALA,ALA
1404,GLN,-,-,GLN,GLN,GLN,GLN,GLN,-,-,-,-,-,-,-,GLN,GLN,GLN,GLN,GLN
1405,TYR,-,-,TYR,TYR,TYR,TYR,TYR,-,-,-,-,-,-,-,TYR,TYR,TYR,TYR,TYR
1406,GLN,-,-,GLN,GLN,GLN,GLN,GLN,-,-,-,-,-,-,-,GLN,GLN,GLN,GLN,GLN
1407,PRO,-,-,PRO,PRO,PRO,PRO,PRO,-,-,-,-,-,-,-,PRO,PRO,PRO,PRO,PRO
1408,ILE,-,-,ILE,ILE,ILE,ILE,ILE,-,-,-,-,-,-,-,ILE,ILE,ILE,ILE,ILE
1409,LEU,-,-,LEU,LEU,LEU,LEU,LEU,-,-,-,-,-,-,-,LEU,LEU,LEU,LEU,LEU
1410,ARG,-,-,ARG,ARG,ARG,ARG,ARG,-,-,-,-,-,-,-,ARG,ARG,ARG,ARG,ARG
1411,ASP,-,-,ASP,ASP,ASP,ASP,ASP,-,-,-,-,-,-,-,ASP,ASP,ASP,ASP,ASP
1412,HIS,-,-,HIS,HIS,HIS,HIS,HIS,-,-,-,-,-,-,-,HIS,HIS,HIS,HIS,HIS
1413,ILE,-,-,ILE,ILE,ILE,ILE,ILE,-,-,-,-,-,-,-,ILE,ILE,ILE,ILE,ILE
1414,CYS,-,-,CYS,CYS,CYS,CYS,CYS,-,-,-,-,-,-,-,CYS,CYS,CYS,CYS,CYS
1415,LYS,-,-,LYS,LYS,LYS,LYS,LYS,-,-,-,-,-,-,-,LYS,LYS,LYS,LYS,LYS
1416,ASP,-,-,ASP,ASP,ASP,ASP,ASP,-,-,-,-,-,-,-,ASP,ASP,ASP,ASP,ASP
1417,MET,-,-,MET,MET,MET,MET,MET,-,-,-,-,-,-,-,MET,MET,MET,MET,MET
1418,SER,-,-,SER,SER,SER,SER,SER,-,-,-,-,-,-,-,SER,SER,SER,SER,SER
1419,ALA,-,-,ALA,ALA,ALA,ALA,ALA,-,-,-,-,-,-,-,ALA,ALA,ALA,ALA,ALA
1420,LEU,-,-,LEU,LEU,LEU,LEU,LEU,-,-,-,-,-,-,-,LEU,LEU,LEU,LEU,LEU
1421,VAL,-,-,VAL,VAL,VAL,VAL,VAL,-,-,-,-,-,-,-,VAL,VAL,VAL,VAL,VAL
1422,ALA,-,-,ALA,ALA,ALA,ALA,ALA,-,-,-,-,-,-,-,ALA,ALA,ALA,ALA,ALA
1423,ALA,-,-,ALA,ALA,ALA,ALA,ALA,-,-,-,-,-,-,-,ALA,ALA,ALA,ALA,ALA
1424,ARG,-,-,ARG,ARG,ARG,ARG,ARG,-,-,-,-,-,-,-,ARG,ARG,ARG,ARG,ARG
1425,MET,-,-,MET,MET,MET,MET,MET,-,-,-,-,-,-,-,MET,MET,MET,MET,MET
1426,ARG,-,-,ARG,ARG,ARG,ARG,ARG,-,-,-,-,-,-,-,ARG,ARG,ARG,ARG,ARG
1427,HIS,-,-,HIS,HIS,HIS,HIS,HIS,-,-,-,-,-,-,-,HIS,HIS,HIS,HIS,HIS
1428,ILE,-,-,ILE,ILE,ILE,ILE,ILE,-,-,-,-,-,-,-,ILE,ILE,ILE,ILE,ILE
1429,PRO,-,-,PRO,PRO,PRO,PRO,PRO,-,-,-,-,-,-,-,PRO,PRO,PRO,PRO,PRO
1430,LEU,-,-,LEU,LEU,LEU,LEU,LEU,-,-,-,-,-,-,-,LEU,LEU,LEU,LEU,LEU
1431,ALA,-,-,ALA,ALA,ALA,ALA,ALA,-,-,-,-,-,-,-,ALA,ALA,ALA,ALA,ALA
1432,PRO,-,-,PRO,PRO,PRO,PRO,PRO,-,-,-,-,-,-,-,PRO,PRO,PRO,PRO,PRO
1433,GLY,-,-,GLY,GLY,GLY,GLY,GLY,-,-,-,-,-,-,-,GLY,GLY,GLY,GLY,GLY
1434,SER,-,-,SER,SER,SER,SER,SER,-,-,-,-,-,-,-,SER,SER,SER,SER,SER
1435,ASP,-,-,ASP,ASP,ASP,ASP,ASP,-,-,-,-,-,-,-,ASP,ASP,ASP,ASP,ASP
1436,TRP,-,-,TRP,TRP,TRP,TRP,TRP,-,-,-,-,-,-,-,TRP,TRP,TRP,TRP,TRP
1437,ARG,-,-,ARG,ARG,ARG,ARG,ARG,-,-,-,-,-,-,-,ARG,ARG,ARG,ARG,ARG
1438,ASP,-,-,ASP,ASP,ASP,ASP,ASP,-,-,-,-,-,-,-,ASP,ASP,ASP,ASP,ASP
1439,LEU,-,-,LEU,LEU,LEU,LEU,LEU,-,-,-,-,-,-,-,LEU,LEU,LEU,LEU,LEU
1440,PRO,-,-,PRO,PRO,PRO,PRO,PRO,-,-,-,-,-,-,-,PRO,PRO,PRO,PRO,PRO
1441,ASN,-,-,ASN,ASN,ASN,ASN,ASN,-,-,-,-,-,-,-,ASN,ASN,ASN,ASN,ASN
1442,ILE,-,-,ILE,ILE,ILE,ILE,ILE,-,-,-,-,-,-,-,ILE,ILE,ILE,ILE,ILE
1443,GLU,-,-,GLU,GLU,GLU,GLU,GLU,-,-,-,-,-,-,-,GLU,GLU,GLU,GLU,GLU
1444,VAL,-,-,VAL,VAL,VAL,VAL,VAL,-,-,-,-,-,-,-,VAL,VAL,VAL,VAL,VAL
1445,ARG,-,-,ARG,ARG,ARG,ARG,ARG,-,-,-,-,-,-,-,ARG,ARG,ARG,ARG,ARG
1446,LEU,-,-,LEU,LEU,LEU,LEU,LEU,-,-,-,-,-,-,-,LEU,LEU,LEU,LEU,LEU
1447,SER,-,-,SER,SER,SER,SER,SER,-,-,-,-,-,-,-,SER,SER,SER,SER,SER
1448,ASP,-,-,ASP,ASP,ASP,ASP,ASP,-,-,-,-,-,-,-,ASP,ASP,ASP,ASP,ASP
1449,GLY,-,-,GLY,GLY,GLY,GLY,GLY,-,-,-,-,-,-,-,GLY,GLY,GLY,GLY,GLY
1450,THR,-,-,THR,THR,THR,THR,THR,-,-,-,-,-,-,-,THR,THR,THR,THR,THR
1451,MET,-,-,MET,MET,MET,MET,MET,-,-,-,-,-,-,-,MET,MET,MET,MET,MET
1452,ALA,-,-,ALA,ALA,ALA,ALA,ALA,-,-,-,-,-,-,-,ALA,ALA,ALA,ALA,ALA
1453,ARG,-,-,ARG,ARG,ARG,ARG,ARG,-,-,-,-,-,-,-,ARG,ARG,ARG,ARG,ARG
1454,LYS,-,-,LYS,LYS,LYS,LYS,LYS,-,-,-,-,-,-,-,LYS,LYS,LYS,LYS,LYS
1455,LEU,-,-,LEU,LEU,LEU,LEU,LEU,-,-,-,-,-,-,-,LEU,LEU,LEU,LEU,LEU
1456,ARG,-,-,ARG,ARG,ARG,ARG,ARG,-,-,-,-,-,-,-,ARG,ARG,ARG,ARG,ARG
1457,TYR,-,-,TYR,TYR,TYR,TYR,TYR,-,-,-,-,-,-,-,TYR,TYR,TYR,TYR,TYR
1458,THR,-,-,THR,THR,THR,THR,THR,-,-,-,-,-,-,-,THR,THR,THR,THR,THR
1459,HIS,-,-,HIS,HIS,HIS,HIS,HIS,-,-,-,-,-,-,-,HIS,HIS,HIS,HIS,HIS
1460,HIS,-,-,HIS,HIS,HIS,HIS,HIS,-,-,-,-,-,-,-,HIS,HIS,HIS,HIS,HIS
1461,ASP,-,-,ASP,ASP,ASP,ASP,ASP,-,-,-,-,-,-,-,ASP,ASP,ASP,ASP,ASP
1462,ARG,-,-,ARG,ARG,ARG,ARG,ARG,-,-,-,-,-,-,-,ARG,ARG,ARG,ARG,ARG
1463,LYS,-,-,LYS,LYS,LYS,LYS,LYS,-,-,-,-,-,-,-,LYS,LYS,LYS,LYS,LYS
1464,ASN,-,-,ASN,ASN,ASN,ASN,ASN,-,-,-,-,-,-,-,ASN,ASN,ASN,ASN,ASN
1465,GLY,-,-,GLY,GLY,GLY,GLY,GLY,-,-,-,-,-,-,-,GLY,GLY,GLY,GLY,GLY
1466,ARG,-,-,ARG,ARG,ARG,ARG,ARG,-,-,-,-,-,-,-,ARG,ARG,ARG,ARG,ARG
1467,SER,-,-,SER,SER,SER,SER,SER,-,-,-,-,-,-,-,SER,SER,SER,SER,SER
1468,SER,-,-,SER,SER,SER,SER,SER,-,-,-,-,-,-,-,SER,SER,SER,SER,SER
1469,SER,-,-,SER,SER,SER,SER,SER,-,-,-,-,-,-,-,SER,SER,SER,SER,SER
1470,GLY,-,-,GLY,GLY,GLY,GLY,GLY,-,-,-,-,-,-,-,GLY,GLY,GLY,GLY,GLY
1471,ALA,-,-,ALA,ALA,ALA,ALA,ALA,-,-,-,-,-,-,-,ALA,ALA,ALA,ALA,ALA
1472,LEU,-,-,LEU,LEU,LEU,LEU,LEU,-,-,-,-,-,-,-,LEU,LEU,LEU,LEU,LEU
1473,ARG,-,-,ARG,ARG,ARG,ARG,ARG,-,-,-,-,-,-,-,ARG,ARG,ARG,ARG,ARG
1474,GLY,-,-,GLY,GLY,GLY,GLY,GLY,-,-,-,-,-,-,-,GLY,GLY,GLY,GLY,GLY
1475,VAL,-,-,VAL,VAL,VAL,VAL,VAL,-,-,-,-,-,-,-,VAL,VAL,VAL,VAL,VAL
1476,CYS,-,-,CYS,CYS,CYS,CYS,CYS,-,-,-,-,-,-,-,CYS,CYS,CYS,CYS,CYS
1477,SER,-,-,SER,SER,SER,SER,SER,-,-,-,-,-,-,-,SER,SER,SER,SER,SER
1478,CYS,-,-,CYS,CYS,CYS,CYS,CYS,-,-,-,-,-,-,-,CYS,CYS,CYS,CYS,CYS
1479,VAL,-,-,VAL,VAL,VAL,VAL,VAL,-,-,-,-,-,-,-,VAL,VAL,VAL,VAL,VAL
1480,GLU,-,-,-,GLU,GLU,GLU,GLU,-,-,-,-,-,-,-,GLU,GLU,GLU,GLU,GLU
1481,ALA,-,-,-,ALA,ALA,ALA,ALA,-,-,-,-,-,-,-,ALA,ALA,ALA,ALA,ALA
1482,GLY,-,-,-,GLY,GLY,GLY,GLY,-,-,-,-,-,-,-,GLY,GLY,GLY,GLY,GLY
1483,LYS,-,-,-,LYS,LYS,LYS,LYS,-,-,-,-,-,-,-,LYS,LYS,LYS,LYS,LYS
1484,ALA,-,-,ALA,ALA,ALA,ALA,ALA,-,-,-,-,-,-,-,ALA,ALA,ALA,ALA,ALA
1485,CYS,-,-,CYS,CYS,CYS,CYS,CYS,-,-,-,-,-,-,-,CYS,CYS,CYS,CYS,CYS
1486,ASP,-,-,ASP,ASP,ASP,ASP,ASP,-,-,-,-,-,-,-,ASP,ASP,ASP,ASP,ASP
1487,PRO,-,-,PRO,PRO,PRO,PRO,PRO,-,-,-,-,-,-,-,PRO,PRO,PRO,PRO,PRO
1488,ALA,-,-,ALA,ALA,ALA,ALA,ALA,-,-,-,-,-,-,-,ALA,ALA,ALA,ALA,ALA
1489,ALA,-,-,ALA,ALA,ALA,ALA,ALA,-,-,-,-,-,-,-,ALA,ALA,ALA,ALA,ALA
1490,ARG,-,-,ARG,ARG,ARG,ARG,ARG,-,-,-,-,-,-,-,ARG,ARG,ARG,ARG,ARG
1491,GLN,-,-,GLN,GLN,GLN,GLN,GLN,-,-,-,-,-,-,-,GLN,GLN,GLN,GLN,GLN
1492,PHE,-,-,PHE,PHE,PHE,PHE,PHE,-,-,-,-,-,-,-,PHE,PHE,PHE,PHE,PHE
1493,ASN,-,-,ASN,ASN,ASN,ASN,ASN,-,-,-,-,-,-,-,ASN,ASN,ASN,ASN,ASN
1494,THR,-,-,THR,THR,THR,THR,THR,-,-,-,-,-,-,-,THR,THR,THR,THR,THR
1495,LEU,-,-,LEU,LEU,LEU,LEU,LEU,-,-,-,-,-,-,-,LEU,LEU,LEU,LEU,LEU
1496,ILE,-,-,ILE,ILE,ILE,ILE,ILE,-,-,-,-,-,-,-,ILE,ILE,ILE,ILE,ILE
1497,PRO,-,-,PRO,PRO,PRO,PRO,PRO,-,-,-,-,-,-,-,PRO,PRO,PRO,PRO,PRO
1498,TRP,-,-,TRP,TRP,TRP,TRP,TRP,-,-,-,-,-,-,-,TRP,TRP,TRP,TRP,TRP
1499,CYS,-,-,CYS,CYS,CYS,CYS,CYS,-,-,-,-,-,-,-,CYS,CYS,CYS,CYS,CYS
1500,LEU,-,-,LEU,LEU,LEU,LEU,LEU,-,-,-,-,-,-,-,LEU,LEU,LEU,LEU,LEU
1501,PRO,-,-,PRO,PRO,PRO,PRO,PRO,-,-,-,-,-,-,-,PRO,PRO,PRO,PRO,PRO
1502,HIS,-,-,HIS,HIS,HIS,HIS,HIS,-,-,-,-,-,-,-,HIS,HIS,HIS,HIS,HIS
1503,THR,-,-,THR,THR,THR,THR,THR,-,-,-,-,-,-,-,THR,THR,THR,THR,THR
1504,GLY,-,-,GLY,GLY,GLY,GLY,GLY,-,-,-,-,-,-,-,GLY,GLY,GLY,GLY,GLY
1505,ASN,-,-,ASN,ASN,ASN,ASN,ASN,-,-,-,-,-,-,-,ASN,ASN,ASN,ASN,ASN
1506,ARG,-,-,ARG,ARG,ARG,ARG,ARG,-,-,-,-,-,-,-,ARG,ARG,ARG,ARG,ARG
1507,HIS,-,-,HIS,HIS,HIS,HIS,HIS,-,-,-,-,-,-,-,HIS,HIS,HIS,HIS,HIS
1508,ASN,-,-,ASN,ASN,ASN,ASN,ASN,-,-,-,-,-,-,-,ASN,ASN,ASN,ASN,ASN
1509,HIS,-,-,HIS,HIS,HIS,HIS,HIS,-,-,-,-,-,-,-,HIS,HIS,HIS,HIS,HIS
1510,TRP,-,-,TRP,TRP,TRP,TRP,TRP,-,-,-,-,-,-,-,TRP,TRP,TRP,TRP,TRP
1511,ALA,-,-,ALA,ALA,ALA,ALA,ALA,-,-,-,-,-,-,-,ALA,ALA,ALA,ALA,ALA
1512,GLY,-,-,GLY,GLY,GLY,GLY,GLY,-,-,-,-,-,-,-,GLY,GLY,GLY,GLY,GLY
1513,LEU,-,-,LEU,LEU,LEU,LEU,LEU,-,-,-,-,-,-,-,LEU,LEU,LEU,LEU,LEU
1514,TYR,-,-,TYR,TYR,TYR,TYR,TYR,-,-,-,-,-,-,-,TYR,TYR,TYR,TYR,TYR
1515,GLY,-,-,GLY,GLY,GLY,GLY,GLY,-,-,-,-,-,-,-,GLY,GLY,GLY,GLY,GLY
1516,ARG,-,-,ARG,ARG,ARG,ARG,ARG,-,-,-,-,-,-,-,ARG,ARG,ARG,ARG,ARG
1517,LEU,-,-,LEU,LEU,LEU,LEU,LEU,-,-,-,-,-,-,-,LEU,LEU,LEU,LEU,LEU
1518,GLU,-,-,GLU,GLU,GLU,GLU,GLU,-,-,-,-,-,-,-,GLU,GLU,GLU,GLU,GLU
1519,TRP,-,-,TRP,TRP,TRP,TRP,TRP,-,-,-,-,-,-,-,TRP,TRP,TRP,TRP,TRP
1520,ASP,-,-,ASP,ASP,ASP,ASP,ASP,-,-,-,-,-,-,-,ASP,ASP,ASP,ASP,ASP
1521,GLY,-,-,GLY,GLY,GLY,GLY,GLY,-,-,-,-,-,-,-,GLY,GLY,GLY,GLY,GLY
1522,PHE,-,-,PHE,PHE,PHE,PHE,PHE,-,-,-,-,-,-,-,PHE,PHE,PHE,PHE,PHE
1523,PHE,-,-,PHE,PHE,PHE,PHE,PHE,-,-,-,-,-,-,-,PHE,PHE,PHE,PHE,PHE
1524,SER,-,-,SER,SER,SER,SER,SER,-,-,-,-,-,-,-,SER,SER,SER,SER,SER
1525,THR,-,-,THR,THR,THR,THR,THR,-,-,-,-,-,-,-,THR,THR,THR,THR,THR
1526,THR,-,-,THR,THR,THR,THR,THR,-,-,-,-,-,-,-,THR,THR,THR,THR,THR
1527,VAL,-,-,VAL,VAL,VAL,VAL,VAL,-,-,-,-,-,-,-,VAL,VAL,VAL,VAL,VAL
1528,THR,-,-,THR,THR,THR,THR,THR,-,-,-,-,-,-,-,THR,THR,THR,THR,THR
1529,ASN,-,-,ASN,ASN,ASN,ASN,ASN,-,-,-,-,-,-,-,ASN,ASN,ASN,ASN,ASN
1530,PRO,-,-,PRO,PRO,PRO,PRO,PRO,-,-,-,-,-,-,-,PRO,PRO,PRO,PRO,PRO
1531,GLU,-,-,GLU,GLU,GLU,GLU,GLU,-,-,-,-,-,-,-,GLU,GLU,GLU,GLU,GLU
1532,PRO,-,-,PRO,PRO,PRO,PRO,PRO,-,-,-,-,-,-,-,PRO,PRO,PRO,PRO,PRO
1533,MET,-,-,MET,MET,MET,MET,MET,-,-,-,-,-,-,-,MET,MET,MET,MET,MET
1534,GLY,-,-,GLY,GLY,GLY,GLY,GLY,-,-,-,-,-,-,-,GLY,GLY,GLY,GLY,GLY
1535,LYS,-,-,LYS,LYS,LYS,LYS,LYS,-,-,-,-,-,-,-,LYS,LYS,LYS,LYS,LYS
1536,GLN,-,-,GLN,GLN,GLN,GLN,GLN,-,-,-,-,-,-,-,GLN,GLN,GLN,GLN,GLN
1537,GLY,-,-,GLY,GLY,GLY,GLY,GLY,-,-,-,-,-,-,-,GLY,GLY,GLY,GLY,GLY
1538,ARG,-,-,ARG,ARG,ARG,ARG,ARG,-,-,-,-,-,-,-,ARG,ARG,ARG,ARG,ARG
1539,VAL,-,-,VAL,VAL,VAL,VAL,VAL,-,-,-,-,-,-,-,VAL,VAL,VAL,VAL,VAL
1540,LEU,-,-,LEU,LEU,LEU,LEU,LEU,-,-,-,-,-,-,-,LEU,LEU,LEU,LEU,LEU
1541,HIS,-,-,HIS,HIS,HIS,HIS,HIS,-,-,-,-,-,-,-,HIS,HIS,HIS,HIS,HIS
1542,PRO,-,-,PRO,PRO,PRO,PRO,PRO,-,-,-,-,-,-,-,PRO,PRO,PRO,PRO,PRO
1543,GLU,-,-,GLU,GLU,GLU,GLU,GLU,-,-,-,-,-,-,-,GLU,GLU,GLU,GLU,GLU
1544,GLN,-,-,GLN,GLN,GLN,GLN,GLN,-,-,-,-,-,-,-,GLN,GLN,GLN,GLN,GLN
1545,HIS,-,-,HIS,HIS,HIS,HIS,HIS,-,-,-,-,-,-,-,HIS,HIS,HIS,HIS,HIS
1546,ARG,-,-,ARG,ARG,ARG,ARG,ARG,-,-,-,-,-,-,-,ARG,ARG,ARG,ARG,ARG
1547,VAL,-,-,VAL,VAL,VAL,VAL,VAL,-,-,-,-,-,-,-,VAL,VAL,VAL,VAL,VAL
1548,VAL,-,-,VAL,VAL,VAL,VAL,VAL,-,-,-,-,-,-,-,VAL,VAL,VAL,VAL,VAL
1549,SER,-,-,SER,SER,SER,SER,SER,-,-,-,-,-,-,-,SER,SER,SER,SER,SER
1550,VAL,-,-,VAL,VAL,VAL,VAL,VAL,-,-,-,-,-,-,-,VAL,VAL,VAL,VAL,VAL
1551,ARG,-,-,ARG,ARG,ARG,ARG,ARG,-,-,-,-,-,-,-,ARG,ARG,ARG,ARG,ARG
1552,GLU,-,-,GLU,GLU,GLU,GLU,GLU,-,-,-,-,-,-,-,GLU,GLU,GLU,GLU,GLU
1553,CYS,-,-,CYS,CYS,CYS,CYS,CYS,-,-,-,-,-,-,-,CYS,CYS,CYS,CYS,CYS
1554,ALA,-,-,ALA,ALA,ALA,ALA,ALA,-,-,-,-,-,-,-,ALA,ALA,ALA,ALA,ALA
1555,ARG,-,-,ARG,ARG,ARG,ARG,ARG,-,-,-,-,-,-,-,ARG,ARG,ARG,ARG,ARG
1556,SER,-,-,SER,SER,SER,SER,SER,-,-,-,-,-,-,-,SER,SER,SER,SER,SER
1557,GLN,-,-,GLN,GLN,GLN,GLN,GLN,-,-,-,-,-,-,-,GLN,GLN,GLN,GLN,GLN
1558,GLY,-,-,GLY,GLY,GLY,GLY,GLY,-,-,-,-,-,-,-,GLY,GLY,GLY,GLY,GLY
1559,PHE,-,-,PHE,PHE,PHE,PHE,PHE,-,-,-,-,-,-,-,PHE,PHE,PHE,PHE,PHE
1560,PRO,-,-,PRO,PRO,PRO,PRO,PRO,-,-,-,-,-,-,-,PRO,PRO,PRO,PRO,PRO
1561,ASP,-,-,ASP,ASP,ASP,ASP,ASP,-,-,-,-,-,-,-,ASP,ASP,ASP,ASP,ASP
1562,THR,-,-,THR,THR,THR,THR,THR,-,-,-,-,-,-,-,THR,THR,THR,THR,THR
1563,TYR,-,-,TYR,TYR,TYR,TYR,TYR,-,-,-,-,-,-,-,TYR,TYR,TYR,TYR,TYR
1564,ARG,-,-,ARG,ARG,ARG,ARG,ARG,-,-,-,-,-,-,-,ARG,ARG,ARG,ARG,ARG
1565,LEU,-,-,LEU,LEU,LEU,LEU,LEU,-,-,-,-,-,-,-,LEU,LEU,LEU,LEU,LEU
1566,PHE,-,-,PHE,PHE,PHE,PHE,PHE,-,-,-,-,-,-,-,PHE,PHE,PHE,PHE,PHE
1567,GLY,-,-,GLY,GLY,GLY,GLY,GLY,-,-,-,-,-,-,-,GLY,GLY,GLY,GLY,GLY
1568,ASN,-,-,ASN,ASN,ASN,ASN,ASN,-,-,-,-,-,-,-,ASN,ASN,ASN,ASN,ASN
1569,ILE,-,-,ILE,ILE,ILE,ILE,ILE,-,-,-,-,-,-,-,ILE,ILE,ILE,ILE,ILE
1570,LEU,-,-,LEU,LEU,LEU,LEU,LEU,-,-,-,-,-,-,-,LEU,LEU,LEU,LEU,LEU
1571,ASP,-,-,ASP,ASP,ASP,ASP,ASP,-,-,-,-,-,-,-,ASP,ASP,ASP,ASP,ASP
1572,LYS,-,-,LYS,LYS,LYS,LYS,LYS,-,-,-,-,-,-,-,LYS,LYS,LYS,LYS,LYS
1573,HIS,-,-,HIS,HIS,HIS,HIS,HIS,-,-,-,-,-,-,-,HIS,HIS,HIS,HIS,HIS
1574,ARG,-,-,ARG,ARG,ARG,ARG,ARG,-,-,-,-,-,-,-,ARG,ARG,ARG,ARG,ARG
1575,GLN,-,-,GLN,GLN,GLN,GLN,GLN,-,-,-,-,-,-,-,GLN,GLN,GLN,GLN,GLN
1576,VAL,-,-,VAL,VAL,VAL,VAL,VAL,-,-,-,-,-,-,-,VAL,VAL,VAL,VAL,VAL
1577,GLY,-,-,GLY,GLY,GLY,GLY,GLY,-,-,-,-,-,-,-,GLY,GLY,GLY,GLY,GLY
1578,ASN,-,-,ASN,ASN,ASN,ASN,ASN,-,-,-,-,-,-,-,ASN,ASN,ASN,ASN,ASN
1579,ALA,-,-,ALA,ALA,ALA,ALA,ALA,-,-,-,-,-,-,-,ALA,ALA,ALA,ALA,ALA
1580,VAL,-,-,VAL,VAL,VAL,VAL,VAL,-,-,-,-,-,-,-,VAL,VAL,VAL,VAL,VAL
1581,PRO,-,-,PRO,PRO,PRO,PRO,PRO,-,-,-,-,-,-,-,PRO,PRO,PRO,PRO,PRO
1582,PRO,-,-,PRO,PRO,PRO,PRO,PRO,-,-,-,-,-,-,-,PRO,PRO,PRO,PRO,PRO
1583,PRO,-,-,PRO,PRO,PRO,PRO,PRO,-,-,-,-,-,-,-,PRO,PRO,PRO,PRO,PRO
1584,LEU,-,-,LEU,LEU,LEU,LEU,LEU,-,-,-,-,-,-,-,LEU,LEU,LEU,LEU,LEU
1585,ALA,-,-,ALA,ALA,ALA,ALA,ALA,-,-,-,-,-,-,-,ALA,ALA,ALA,ALA,ALA
1586,LYS,-,-,LYS,LYS,LYS,LYS,LYS,-,-,-,-,-,-,-,LYS,LYS,LYS,LYS,LYS
1587,ALA,-,-,ALA,ALA,ALA,ALA,ALA,-,-,-,-,-,-,-,ALA,ALA,ALA,ALA,ALA
1588,ILE,-,-,ILE,ILE,ILE,ILE,ILE,-,-,-,-,-,-,-,ILE,ILE,ILE,ILE,ILE
1589,GLY,-,-,GLY,GLY,GLY,GLY,GLY,-,-,-,-,-,-,-,GLY,GLY,GLY,GLY,GLY
1590,LEU,-,-,LEU,LEU,LEU,LEU,LEU,-,-,-,-,-,-,-,LEU,LEU,LEU,LEU,LEU
1591,GLU,-,-,GLU,GLU,GLU,GLU,GLU,-,-,-,-,-,-,-,GLU,GLU,GLU,GLU,GLU
1592,ILE,-,-,ILE,ILE,ILE,ILE,ILE,-,-,-,-,-,-,-,ILE,ILE,ILE,ILE,ILE
1593,LYS,-,-,LYS,LYS,LYS,LYS,LYS,-,-,-,-,-,-,-,LYS,LYS,LYS,LYS,LYS
1594,LEU,-,-,LEU,LEU,LEU,LEU,LEU,-,-,-,-,-,-,-,LEU,LEU,LEU,LEU,LEU
1595,CYS,-,-,CYS,CYS,CYS,CYS,CYS,-,-,-,-,-,-,-,CYS,CYS,CYS,CYS,CYS
1596,MET,-,-,MET,MET,MET,MET,MET,-,-,-,-,-,-,-,MET,MET,MET,MET,MET
1597,LEU,-,-,LEU,LEU,LEU,LEU,LEU,-,-,-,-,-,-,-,LEU,LEU,LEU,LEU,LEU
1598,ALA,-,-,ALA,ALA,ALA,ALA,ALA,-,-,-,-,-,-,-,ALA,ALA,ALA,ALA,ALA
1599,LYS,-,-,LYS,LYS,LYS,LYS,LYS,-,-,-,-,-,-,-,LYS,LYS,LYS,LYS,LYS
1600,ALA,-,-,ALA,ALA,ALA,ALA,ALA,-,-,-,-,-,-,-,ALA,ALA,ALA,ALA,ALA
1601,ARG,-,-,SAH,-,LEU,LEU,-,-,-,-,-,-,-,-,-,-,-,-,-
1602,GLU,-,-,-,-,THR,THR,-,-,-,-,-,-,-,-,-,-,-,-,-
1603,SER,-,-,-,-,ARG,ARG,-,-,-,-,-,-,-,-,-,-,-,-,-
1604,ALA,-,-,-,-,VAL,VAL,-,-,-,-,-,-,-,-,-,-,-,-,-
1605,SER,-,-,-,-,TRP,TRP,-,-,-,-,-,-,-,-,-,-,-,-,-
1606,ALA,-,-,-,-,-,-,-,-,-,-,-,-,-,-,-,-,-,-,-
1607,LYS,-,-,-,-,-,-,-,-,-,-,-,-,-,-,-,-,-,-,-
1608,ILE,-,-,-,-,-,-,-,-,-,-,-,-,-,-,-,-,-,-,-
1609,LYS,-,-,-,-,-,-,-,-,-,-,-,-,-,-,-,-,-,-,-
1610,GLU,-,-,-,-,-,-,-,-,-,-,-,-,-,-,-,-,-,-,-
1611,GLU,-,-,-,-,-,-,-,-,-,-,-,-,-,-,-,-,-,-,-
1612,GLU,-,-,-,-,-,-,-,-,-,-,-,-,-,-,-,-,-,-,-
1613,ALA,-,-,-,-,-,-,-,-,-,-,-,-,-,-,-,-,-,-,-
1614,ALA,-,-,-,-,-,-,-,-,-,-,-,-,-,-,-,-,-,-,-
1615,LYS,-,-,-,-,-,-,-,-,-,-,-,-,-,-,-,-,-,-,-
1616,ASP,-,-,-,-,-,-,-,-,-,-,-,-,-,-,-,-,-,-,-
